disease_family_id,anchor_name,disease,n_pos,auc_disease,auc_lo95,auc_hi95,auc_trustworthy,hits_at_20,hits_at_50
36637,stomach cancer,gastric adenocarcinoma,677,0.9469,0.9351,0.9588,1,20,50
36637,stomach cancer,gastric carcinoma,701,0.9422,0.9302,0.9543,1,20,50
36637,stomach cancer,gastric intestinal type adenocarcinoma,545,0.9407,0.9269,0.9546,1,19,49
36637,stomach cancer,gastric tubular adenocarcinoma,27,0.9152,0.8425,0.9879,0,2,4
36637,stomach cancer,gastric small cell neuroendocrine carcinoma,54,0.8918,0.8349,0.9487,1,8,11
36637,stomach cancer,signet ring cell gastric adenocarcinoma,64,0.8828,0.8287,0.9368,1,4,9
36637,stomach cancer,gastric cancer,61,0.7602,0.6896,0.8308,1,12,18
37143,obesity,morbid obesity,41,0.7599,0.6739,0.846,1,0,0
37143,obesity,obesity disorder,762,0.7075,0.6863,0.7286,1,14,23
43521,hematologic cancer,"peripheral T-cell lymphoma, not otherwise specified",135,0.9481,0.922,0.9742,1,14,30
43521,hematologic cancer,myeloid neoplasm,50,0.9431,0.8984,0.9879,1,9,13
43521,hematologic cancer,lymphoid neoplasm,680,0.9356,0.9228,0.9485,1,20,50
43521,hematologic cancer,acute leukemia,16,0.9291,0.8418,1.0164,0,3,7
43521,hematologic cancer,plasma cell myeloma,674,0.9283,0.9147,0.9418,1,20,50
43521,hematologic cancer,neoplasm of mature B-cells,177,0.928,0.9015,0.9544,1,13,27
43521,hematologic cancer,lymphoplasmacytic lymphoma,25,0.9231,0.8507,0.9955,0,2,6
43521,hematologic cancer,extranodal nasal NK/T cell lymphoma,447,0.9201,0.9027,0.9376,1,18,46
43521,hematologic cancer,small intestinal diffuse large B-cell lymphoma,165,0.9198,0.891,0.9485,1,6,16
43521,hematologic cancer,nodal marginal zone B-cell lymphoma,43,0.9191,0.8626,0.9755,1,3,4
43521,hematologic cancer,angioimmunoblastic T-cell lymphoma,92,0.9184,0.8796,0.9571,1,9,15
43521,hematologic cancer,lymphoma,48,0.9153,0.8608,0.9698,1,8,9
43521,hematologic cancer,acute lymphoblastic leukemia,244,0.9152,0.891,0.9394,1,16,34
43521,hematologic cancer,Burkitt lymphoma,258,0.9121,0.8882,0.936,1,14,34
43521,hematologic cancer,T-cell large granular lymphocyte leukemia,155,0.9113,0.8803,0.9422,1,10,22
43521,hematologic cancer,marginal zone lymphoma,78,0.9105,0.8667,0.9543,1,8,12
43521,hematologic cancer,myelodysplastic syndrome,183,0.9072,0.8781,0.9362,1,12,30
43521,hematologic cancer,aggressive NK-cell leukemia,50,0.9056,0.8497,0.9615,1,8,12
43521,hematologic cancer,systemic mastocytosis with an associated clonal hematologic non-mast cell lineage disease,20,0.8965,0.8047,0.9884,0,7,8
43521,hematologic cancer,adult T-cell leukemia/lymphoma,206,0.8944,0.8655,0.9233,1,10,17
43521,hematologic cancer,anaplastic large cell lymphoma,52,0.8916,0.8335,0.9496,1,7,12
43521,hematologic cancer,T-cell prolymphocytic leukemia,177,0.8906,0.859,0.9222,1,9,21
43521,hematologic cancer,hematopoietic and lymphoid cell neoplasm,12,0.8828,0.7582,1.0075,0,1,2
43521,hematologic cancer,cavernous hemangioma,27,0.882,0.7986,0.9654,0,11,12
43521,hematologic cancer,B-cell prolymphocytic leukemia,98,0.8795,0.8353,0.9236,1,3,6
43521,hematologic cancer,leukemia,69,0.8658,0.811,0.9207,1,9,15
43521,hematologic cancer,Hodgkins lymphoma,429,0.8628,0.8405,0.885,1,14,33
43521,hematologic cancer,plasmacytoma,36,0.857,0.7793,0.9348,1,4,7
43521,hematologic cancer,lymphoid leukemia,27,0.794,0.6923,0.8956,0,2,4
44244,uterine cancer,endometrial undifferentiated carcinoma,55,0.971,0.9398,1.0021,0,14,24
44244,uterine cancer,endometrium adenocarcinoma,98,0.9538,0.9247,0.9829,1,16,28
44244,uterine cancer,endometrial clear cell adenocarcinoma,108,0.9395,0.9082,0.9708,1,14,25
44244,uterine cancer,endometrial mixed adenocarcinoma,80,0.9326,0.8944,0.9708,1,11,20
44244,uterine cancer,uterine carcinosarcoma,525,0.9263,0.9107,0.9418,1,19,44
44244,uterine cancer,endometrial serous adenocarcinoma,90,0.9242,0.8863,0.9622,1,11,21
44244,uterine cancer,endometrial carcinoma,264,0.8945,0.869,0.92,1,15,35
44244,uterine cancer,endometrial cancer,66,0.8664,0.8104,0.9224,1,10,16
49721,breast cancer,breast ductal adenocarcinoma,691,0.9511,0.9398,0.9623,1,20,50
49721,breast cancer,mixed lobular and ductal breast carcinoma,181,0.9479,0.9253,0.9705,1,15,32
49721,breast cancer,breast carcinoma by gene expression profile,394,0.9403,0.924,0.9566,1,19,46
49721,breast cancer,acinic cell breast carcinoma,25,0.9396,0.8746,1.0046,0,4,10
49721,breast cancer,HER2 positive breast carcinoma,599,0.9365,0.9229,0.9501,1,19,48
49721,breast cancer,female breast carcinoma,544,0.9359,0.9215,0.9502,1,20,50
49721,breast cancer,invasive breast carcinoma,123,0.9351,0.9048,0.9654,1,8,19
49721,breast cancer,breast lobular carcinoma,513,0.9337,0.9187,0.9487,1,19,48
49721,breast cancer,metaplastic breast carcinoma,345,0.9258,0.9065,0.945,1,18,41
49721,breast cancer,hereditary breast carcinoma,34,0.9169,0.8527,0.9811,1,15,20
49721,breast cancer,luminal B breast carcinoma,88,0.9106,0.8694,0.9518,1,11,20
49721,breast cancer,breast adenocarcinoma,53,0.9043,0.8497,0.9589,1,9,16
49721,breast cancer,adenoid cystic breast carcinoma,70,0.899,0.8504,0.9476,1,8,18
49721,breast cancer,triple-negative breast carcinoma,8,0.8949,0.7487,1.041,0,1,2
49721,breast cancer,breast carcinoma,864,0.8608,0.845,0.8767,1,20,49
49721,breast cancer,luminal A breast carcinoma,101,0.8467,0.799,0.8943,1,9,14
49721,breast cancer,estrogen-receptor negative breast cancer,14,0.8411,0.7116,0.9706,0,3,4
49721,breast cancer,estrogen-receptor positive breast cancer,33,0.8136,0.7244,0.9027,1,3,4
49721,breast cancer,breast cancer,138,0.7072,0.6581,0.7563,1,13,21
52236,lung cancer,lung sarcomatoid carcinoma,94,0.9406,0.9073,0.9739,1,16,28
52236,lung cancer,squamous cell lung carcinoma,696,0.9403,0.928,0.9526,1,20,50
52236,lung cancer,lung adenocarcinoma,705,0.9371,0.9246,0.9496,1,20,50
52236,lung cancer,small cell lung carcinoma,603,0.9363,0.9226,0.9499,1,18,48
52236,lung cancer,lung carcinoma,686,0.9345,0.9216,0.9474,1,20,50
52236,lung cancer,non-small cell lung carcinoma,621,0.9343,0.9207,0.9479,1,20,49
52236,lung cancer,pulmonary large cell neuroendocrine carcinoma,381,0.9264,0.9081,0.9446,1,16,42
52236,lung cancer,pulmonary blastoma,55,0.9215,0.8722,0.9708,1,8,12
52236,lung cancer,adenosquamous lung carcinoma,197,0.9122,0.8848,0.9395,1,18,34
52236,lung cancer,minimally invasive lung adenocarcinoma,153,0.9118,0.8807,0.9429,1,17,26
52236,lung cancer,lung large cell carcinoma,254,0.9018,0.8765,0.9271,1,13,28
52236,lung cancer,lung inflammatory myofibroblastic tumor,40,0.89,0.8234,0.9566,1,4,6
52236,lung cancer,acinar lung adenocarcinoma,73,0.8852,0.835,0.9354,1,8,13
52236,lung cancer,primary pulmonary diffuse large B-cell lymphoma,17,0.8846,0.7804,0.9887,0,4,7
52236,lung cancer,combined small cell lung carcinoma,61,0.8523,0.7918,0.9128,1,8,11
52236,lung cancer,pulmonary mucoepidermoid carcinoma,17,0.7944,0.6664,0.9223,0,1,1
52236,lung cancer,lung cancer,53,0.7797,0.7057,0.8537,1,6,10
