filter,status,disease_index,pool,n_val_kept,n_val_total,hits_at_50,median_pct,auc,disease_name
F0 none (stage 1 only),clean,28302,5073,2,2,2,0.0013798541297062883,0.9989154013015185,Sjogren syndrome
F0 none (stage 1 only),clean,36637,6068,3,3,0,0.5820698747528016,0.5492168178070899,gastric cancer
F0 none (stage 1 only),clean,37110,6218,1,1,0,0.016403988420714055,0.9837542222937108,kidney failure
F0 none (stage 1 only),clean,37143,13126,34,34,3,0.12985677281730915,0.8333782642296148,obesity disorder
F0 none (stage 1 only),clean,37230,5751,5,5,0,0.3888019474873935,0.5903585102680126,gastric ulcer
F0 none (stage 1 only),clean,37461,10400,11,11,3,0.005961538461538462,0.9866642165227207,gastrointestinal stromal tumor
F0 none (stage 1 only),clean,37525,6837,11,11,3,0.0437326312710253,0.8289428122419625,psoriatic arthritis
F0 none (stage 1 only),clean,37861,7900,1,1,0,0.013037974683544304,0.9870869730345614,cholelithiasis
F0 none (stage 1 only),clean,38232,10836,27,27,0,0.0724437061646364,0.8741035419729101,insomnia
F0 none (stage 1 only),clean,38404,3557,3,3,0,0.18920438571830195,0.7820296379666104,esophagitis
F0 none (stage 1 only),clean,38912,6291,27,27,4,0.07979653473215705,0.8947838323636536,medullary thyroid gland carcinoma
F0 none (stage 1 only),clean,39167,5875,3,3,0,0.10740425531914893,0.8916326067211626,primary peritoneal carcinoma
F0 none (stage 1 only),clean,39191,5696,2,2,0,0.07514044943820225,0.925096592904812,leiomyoma
F0 none (stage 1 only),clean,39310,7595,1,1,0,0.044897959183673466,0.9552278114300764,choreatic disease
F0 none (stage 1 only),clean,39510,9704,9,9,0,0.04668178070898599,0.9156724543006132,dementia
F0 none (stage 1 only),clean,39719,4989,1,1,0,0.13790338745239528,0.8622694466720129,brain cancer
F0 none (stage 1 only),clean,39833,9318,1,1,0,0.31691350075123415,0.6831598153912204,diarrheal disease
F0 none (stage 1 only),clean,40170,3435,2,2,0,0.3710334788937409,0.6291872997378386,osteopetrosis
F0 none (stage 1 only),clean,40442,7077,3,3,0,0.11417267203617353,0.9077843747054943,marginal zone lymphoma
F0 none (stage 1 only),clean,40787,3345,17,17,0,0.04005979073243647,0.9192060237556561,infantile spasms
F0 none (stage 1 only),clean,40953,4588,1,1,0,0.06255448997384482,0.9376498800959233,amenorrhea
F0 none (stage 1 only),clean,41287,9251,21,21,0,0.6217706193924981,0.45296909663106844,myelodysplastic syndrome
F0 none (stage 1 only),clean,41324,7942,1,1,0,0.5820951901284311,0.4179574360911724,hairy cell leukemia
F0 none (stage 1 only),clean,41400,3460,40,40,0,0.24942196531791905,0.7561330409356725,neuromuscular disease
F0 none (stage 1 only),clean,41402,3553,1,1,0,0.4613003095975232,0.5388513513513513,amyloidosis
F0 none (stage 1 only),clean,41562,6779,3,3,0,0.37616167576338694,0.6016824085005903,hyperpigmentation of the skin
F0 none (stage 1 only),clean,41590,2671,1,1,0,0.6342193934855859,0.3659176029962547,sarcoidosis
F0 none (stage 1 only),clean,41712,6478,12,12,2,0.09856437171966656,0.7989998968965872,neuroendocrine neoplasm
F0 none (stage 1 only),clean,42001,12018,1,1,0,0.021218172740888667,0.9788632770242157,pancreatic neuroendocrine tumor
F0 none (stage 1 only),clean,42106,6233,2,2,2,0.004973527996149527,0.9952656074466377,anaplastic large cell lymphoma
F0 none (stage 1 only),clean,42432,8629,3,3,0,0.08054235716769034,0.6839400262771466,basal cell carcinoma
F0 none (stage 1 only),clean,42504,7655,19,19,0,0.7256694970607446,0.3808621212538943,pancreatic neoplasm
F0 none (stage 1 only),clean,42523,12219,20,20,0,0.6874130452573861,0.36722682187064515,ovarian neoplasm
F0 none (stage 1 only),clean,42550,5490,33,33,5,0.5029143897996357,0.5759186144012972,breast neoplasm
F0 none (stage 1 only),clean,42560,3383,3,3,0,0.7215489210759681,0.336094674556213,respiratory failure
F0 none (stage 1 only),clean,42571,3088,2,2,0,0.2755829015544041,0.7247245625405055,female infertility
F0 none (stage 1 only),clean,42601,8801,1,1,0,0.27326440177252587,0.7268181818181818,injury
F0 none (stage 1 only),clean,42603,4153,27,27,0,0.3079701420659764,0.6758137196818729,urinary system disorder
F0 none (stage 1 only),clean,42790,2470,2,2,1,0.04676113360323887,0.953808752025932,hypogonadism
F0 none (stage 1 only),clean,42877,5836,1,1,0,0.31442769019876626,0.6856898029134533,non-autoimmune hemolytic anemia
F0 none (stage 1 only),clean,42902,4298,3,3,1,0.03047929269427641,0.9777260380287156,low grade glioma
F0 none (stage 1 only),clean,42934,3491,1,1,0,0.4342595244915497,0.5659025787965616,gram-negative bacterial infections
F0 none (stage 1 only),clean,42940,12400,1,1,0,0.6159677419354839,0.3840632309057182,rectum adenocarcinoma
F0 none (stage 1 only),clean,43040,10691,2,2,0,0.4416331493779815,0.5584245486013659,constipation disorder
F0 none (stage 1 only),clean,43284,10890,23,23,2,0.359504132231405,0.6143649901376725,anemia
F0 none (stage 1 only),clean,43632,1940,1,1,0,0.7381443298969073,0.2619907168643631,synovitis
F0 none (stage 1 only),clean,43861,7469,2,2,0,0.545387602088633,0.4546672023570376,myocardial ischemia
F0 none (stage 1 only),clean,43885,4549,2,2,0,0.3708507364255881,0.6293160325489333,pancreatic insulinoma
F0 none (stage 1 only),clean,44220,1168,1,1,0,0.5607876712328768,0.43958868894601544,liver cancer
F0 none (stage 1 only),clean,44406,8490,1,1,0,0.0895170789163722,0.9105901755212628,skin cancer
F0 none (stage 1 only),clean,44410,9992,6,6,0,0.5343775020016013,0.48439481941384605,poisoning
F0 none (stage 1 only),clean,44543,4024,3,3,0,0.433648111332008,0.6058194478985327,hyperaldosteronism
F0 none (stage 1 only),clean,44942,4271,1,1,0,0.015921329899321,0.9843091334894614,hypophosphatemia
F0 none (stage 1 only),clean,45022,11551,15,15,0,0.6521513288892736,0.30438626907073507,gastroesophageal junction adenocarcinoma
F0 none (stage 1 only),clean,45864,5758,1,1,0,0.14953108718304967,0.8506166406114296,esophageal disorder
F0 none (stage 1 only),clean,45933,6826,2,2,0,0.485716378552593,0.5143610785463072,conjunctivitis
F0 none (stage 1 only),clean,46121,5035,2,2,0,0.47507447864945385,0.5250347705146036,small cell carcinoma
F0 none (stage 1 only),clean,46370,3239,5,5,0,0.6452608829885768,0.4611626468769326,peptic ulcer disease
F0 none (stage 1 only),clean,46535,5035,1,1,0,0.031380337636544194,0.9688120778704807,lymphoplasmacytic lymphoma
F0 none (stage 1 only),clean,46674,4385,28,28,0,0.4758266818700114,0.5538542247286796,spinal cord injury
F0 none (stage 1 only),clean,46932,6768,7,7,2,0.010638297872340425,0.9642487375071312,myelofibrosis
F0 none (stage 1 only),clean,46953,2526,1,1,0,0.38796516231195566,0.6122772277227723,mitochondrial disease
F0 none (stage 1 only),clean,47275,2126,1,1,0,0.05079962370649106,0.9496470588235294,bronchiectasis
F0 none (stage 1 only),clean,47354,5809,4,4,0,0.11378894818385264,0.7084409991386735,alopecia
F0 none (stage 1 only),clean,47383,9428,1,1,0,0.14266016122189223,0.8574307839185319,neoplasm of mature B-cells
F0 none (stage 1 only),clean,47387,11455,1,1,0,0.6507202095154954,0.3493102846167278,Hodgkins lymphoma
F0 none (stage 1 only),clean,47396,8424,12,12,0,0.059176163342830004,0.8667280868600412,"peripheral T-cell lymphoma, not otherwise specified"
F0 none (stage 1 only),clean,47398,9896,33,33,4,0.0805375909458367,0.8132997827816848,acute lymphoblastic leukemia
F0 none (stage 1 only),clean,47407,12238,27,27,0,0.24440268017649944,0.6896787049927661,asthma
F0 none (stage 1 only),clean,47408,9040,12,12,3,0.1213495575221239,0.8723692955250333,atopic eczema
F0 none (stage 1 only),clean,47412,12595,5,5,2,0.012624057165541882,0.9769658459094519,urinary bladder carcinoma
F0 none (stage 1 only),clean,47415,13290,25,25,4,0.45838976674191123,0.5986204297022238,breast carcinoma
F0 none (stage 1 only),clean,47420,8630,1,1,0,0.6190034762456547,0.38104067678757675,cardiomyopathy
F0 none (stage 1 only),clean,47421,10259,134,134,8,0.10405497611853007,0.7939767827529022,cardiovascular disorder
F0 none (stage 1 only),clean,47434,10021,35,35,2,0.16086218940225527,0.758132814511745,congestive heart failure
F0 none (stage 1 only),clean,47437,13445,81,81,24,0.020676831535886946,0.865549975796409,diabetes mellitus
F0 none (stage 1 only),clean,47444,5666,93,93,16,0.034415813625132366,0.7866113307440443,epilepsy
F0 none (stage 1 only),clean,47451,12499,15,15,0,0.662292983438675,0.3190216810851223,gastric adenocarcinoma
F0 none (stage 1 only),clean,47462,4867,14,14,0,0.6464968152866242,0.4689735362515086,irritable bowel syndrome
F0 none (stage 1 only),clean,47468,6488,2,2,0,0.281134401972873,0.7190101757631823,leukemia
F0 none (stage 1 only),clean,47470,6208,5,5,0,0.0977770618556701,0.7095276479123005,lymphoma
F0 none (stage 1 only),clean,47473,8738,1,1,0,0.7125200274662394,0.28751287627332034,metabolic disease
F0 none (stage 1 only),clean,47493,9307,1,1,0,0.13022456215751585,0.8698689017837954,skin disorder
F0 none (stage 1 only),clean,47499,3320,15,15,0,0.2033132530120482,0.6727181038830056,systemic sclerosis
F0 none (stage 1 only),clean,47537,13566,68,68,1,0.8907194456730061,0.25557272101313483,type 2 diabetes mellitus
F0 none (stage 1 only),clean,47542,3048,8,8,0,0.5269028871391076,0.49654605263157897,cirrhosis of liver
F0 none (stage 1 only),clean,47604,12310,54,54,6,0.18533712428919577,0.6756735929794023,non-small cell lung carcinoma
F0 none (stage 1 only),clean,47611,4667,2,2,0,0.7031283479751447,0.29689174705251875,peripheral neuropathy
F0 none (stage 1 only),clean,47614,4183,1,1,0,0.23404255319148937,0.7661406025824964,pneumonia
F0 none (stage 1 only),clean,47623,9614,3,3,1,0.025795714582899937,0.8399750286130475,autism spectrum disorder
F0 none (stage 1 only),clean,47624,10010,6,6,0,0.3020979020979021,0.6869752099160336,autism
F0 none (stage 1 only),clean,47631,7369,13,13,0,0.5117383634143031,0.5806458359476304,allergic disease
F0 none (stage 1 only),clean,47633,2482,1,1,0,0.11804995970991136,0.8823055219669488,lung disorder
F0 none (stage 1 only),clean,47654,5117,11,11,0,0.2429157709595466,0.7018658975180714,chronic kidney disease
F0 none (stage 1 only),clean,47655,9070,50,50,0,0.5776185226019845,0.44226164079822616,multiple sclerosis
F0 none (stage 1 only),clean,47662,8438,1,1,1,0.004266413842142688,0.9958516060210976,atrial flutter
F0 none (stage 1 only),clean,47663,4595,3,3,0,0.32165397170837867,0.6139663182346109,atherosclerosis
F0 none (stage 1 only),clean,47684,9435,12,12,0,0.7136724960254373,0.3878453429551806,open-angle glaucoma
F0 none (stage 1 only),clean,47686,3686,3,3,0,0.5534454693434617,0.5115395058376324,IgA glomerulonephritis
F0 none (stage 1 only),clean,47700,5884,12,12,0,0.24099252209381372,0.6996622388737511,erectile dysfunction
F0 none (stage 1 only),clean,47703,5795,2,2,0,0.44227782571182056,0.5578284136026238,carcinoid tumor
F0 none (stage 1 only),clean,47710,4881,1,1,0,0.6271255890186437,0.3729508196721312,bone disorder
F0 none (stage 1 only),clean,47712,1841,15,15,8,0.027159152634437807,0.8957283680175246,focal epilepsy
F0 none (stage 1 only),clean,47714,5156,1,1,0,0.08204034134988362,0.9181377303588749,peripheral arterial disease
F0 none (stage 1 only),clean,47724,7668,2,2,2,0.0009780907668231612,0.9992173232454996,venous thromboembolism
F0 none (stage 1 only),clean,47727,4343,26,26,0,0.3952337094174534,0.572904973182944,lymphoid leukemia
F0 none (stage 1 only),clean,47734,6223,18,18,0,0.16189940543146392,0.7090339332079864,duodenal ulcer
F0 none (stage 1 only),clean,47774,7744,5,5,0,0.22004132231404958,0.6806564155575656,hypotensive disorder
F0 none (stage 1 only),clean,47863,3442,40,40,0,0.3483439860546194,0.6723838918283362,neurodegenerative disease
F0 none (stage 1 only),clean,47928,1572,2,2,0,0.5054071246819338,0.4949044585987261,atopic conjunctivitis
F0 none (stage 1 only),clean,48080,4078,1,1,0,0.029916625796959292,0.9703213146921756,hyperprolactinemia
F0 none (stage 1 only),clean,48413,8939,1,1,0,0.040272961181340196,0.9598344148579101,atypical endometrial hyperplasia
F0 none (stage 1 only),clean,48537,12272,1,1,1,0.001059322033898305,0.999022084589683,HER2 positive breast carcinoma
F0 none (stage 1 only),clean,48773,6932,1,1,0,0.19157530294287364,0.8085413360265474,exanthem
F0 none (stage 1 only),clean,48841,5297,3,3,0,0.4902775155748537,0.5758090920538975,overactive bladder
F0 none (stage 1 only),clean,48843,7117,7,7,0,0.3556273710833216,0.6309423347398031,diabetic neuropathy
F0 none (stage 1 only),clean,48850,9707,2,2,0,0.813536623055527,0.18645028335909325,adrenal cortex carcinoma
F0 none (stage 1 only),clean,48852,5037,5,5,0,0.5219376613063331,0.4787758346581876,adrenal gland hyperfunction
F0 none (stage 1 only),clean,49644,8676,2,2,0,0.18649147072383587,0.8136384597648144,obstructive sleep apnea syndrome
F0 none (stage 1 only),clean,49670,7105,9,9,0,0.5194933145672062,0.5455812351246399,gastroesophageal reflux disease
F0 none (stage 1 only),clean,49673,2131,9,9,0,0.44533083059596434,0.470311027332705,Behcet disease
F0 none (stage 1 only),clean,49721,9067,47,47,2,0.19554428146024044,0.6669292824456291,breast cancer
F0 none (stage 1 only),clean,50002,4797,7,7,2,0.04002501563477173,0.883477482851178,Tourette syndrome
F0 none (stage 1 only),clean,50730,10274,1,1,0,0.15787424566867822,0.8422077289983452,systemic lupus erythematosus
F0 none (stage 1 only),clean,51394,8850,18,18,3,0.15570621468926554,0.750270481078905,rheumatoid arthritis
F0 none (stage 1 only),clean,51431,12236,5,5,0,0.038492971559333115,0.9433406916850625,small cell lung carcinoma
F0 none (stage 1 only),clean,52236,6253,6,6,0,0.15032784263553495,0.8267435035483699,lung cancer
F0 none (stage 1 only),clean,53272,12558,59,59,0,0.755534320751712,0.41292116928676326,plasma cell myeloma
F0 none (stage 1 only),clean,53819,4630,4,4,0,0.4752699784017279,0.4889753566796368,malignant pancreatic neoplasm
F0 none (stage 1 only),clean,53871,6818,5,5,2,0.00982692871809915,0.9926610890943784,acquired polycythemia vera
F1 antibody-accessible localization,clean,28302,2332,2,2,2,0.002144082332761578,0.9984978540772532,Sjogren syndrome
F1 antibody-accessible localization,clean,36637,2605,1,3,1,0.009980806142034549,0.9903993855606759,gastric cancer
F1 antibody-accessible localization,clean,37110,2717,1,1,0,0.021715126978284875,0.9786450662739322,kidney failure
F1 antibody-accessible localization,clean,37143,5222,34,34,5,0.17790118728456528,0.7952458161367862,obesity disorder
F1 antibody-accessible localization,clean,37230,2825,3,5,0,0.4410619469026549,0.5113394755492559,gastric ulcer
F1 antibody-accessible localization,clean,37461,4111,11,11,6,0.009243493067380199,0.9860088691796008,gastrointestinal stromal tumor
F1 antibody-accessible localization,clean,37525,3205,8,11,3,0.02293291731669267,0.9589458867688458,psoriatic arthritis
F1 antibody-accessible localization,clean,37861,3655,0,1,0,,,cholelithiasis
F1 antibody-accessible localization,clean,38232,4259,27,27,1,0.09978868278938718,0.8480273752012882,insomnia
F1 antibody-accessible localization,clean,38404,1260,3,3,0,0.28888888888888886,0.6897374701670644,esophagitis
F1 antibody-accessible localization,clean,38912,2530,25,27,6,0.07193675889328063,0.9182275449101797,medullary thyroid gland carcinoma
F1 antibody-accessible localization,clean,39167,1980,0,3,0,,,primary peritoneal carcinoma
F1 antibody-accessible localization,clean,39191,2060,2,2,1,0.07427184466019418,0.9263848396501457,leiomyoma
F1 antibody-accessible localization,clean,39310,3399,1,1,0,0.0667843483377464,0.9334902884049441,choreatic disease
F1 antibody-accessible localization,clean,39510,4141,9,9,1,0.057474040086935525,0.8971173496826933,dementia
F1 antibody-accessible localization,clean,39719,2465,0,1,0,,,brain cancer
F1 antibody-accessible localization,clean,39833,4044,1,1,0,0.3963897131552918,0.60375958446698,diarrheal disease
F1 antibody-accessible localization,clean,40170,1655,1,2,0,0.17885196374622356,0.8216444981862152,osteopetrosis
F1 antibody-accessible localization,clean,40442,2892,2,3,0,0.07538035961272475,0.9250865051903114,marginal zone lymphoma
F1 antibody-accessible localization,clean,40787,1766,16,17,0,0.052944507361268406,0.9386785714285715,infantile spasms
F1 antibody-accessible localization,clean,40953,1949,1,1,0,0.07183170856849666,0.9286447638603696,amenorrhea
F1 antibody-accessible localization,clean,41287,4008,3,21,0,0.48627744510978044,0.5298377028714107,myelodysplastic syndrome
F1 antibody-accessible localization,clean,41324,3465,1,1,0,0.5318903318903319,0.4682448036951501,hairy cell leukemia
F1 antibody-accessible localization,clean,41400,1756,40,40,0,0.29612756264236906,0.714539627039627,neuromuscular disease
F1 antibody-accessible localization,clean,41402,1948,1,1,0,0.5420944558521561,0.45814072932717,amyloidosis
F1 antibody-accessible localization,clean,41562,2878,1,3,0,0.30055594162612925,0.6996871741397289,hyperpigmentation of the skin
F1 antibody-accessible localization,clean,41590,1430,0,1,0,,,sarcoidosis
F1 antibody-accessible localization,clean,41712,3254,9,12,2,0.03503380454824831,0.9170005136106831,neuroendocrine neoplasm
F1 antibody-accessible localization,clean,42001,4767,0,1,0,,,pancreatic neuroendocrine tumor
F1 antibody-accessible localization,clean,42106,2580,2,2,2,0.006007751937984496,0.9945694336695112,anaplastic large cell lymphoma
F1 antibody-accessible localization,clean,42432,3651,2,3,1,0.04943850999726103,0.9509454645108248,basal cell carcinoma
F1 antibody-accessible localization,clean,42504,3486,4,19,0,0.6336775674125071,0.4055858701895462,pancreatic neoplasm
F1 antibody-accessible localization,clean,42523,4989,4,20,0,0.6250751653638004,0.3700601805416249,ovarian neoplasm
F1 antibody-accessible localization,clean,42550,2066,11,33,4,0.40658276863504356,0.6921919929219199,breast neoplasm
F1 antibody-accessible localization,clean,42560,1728,0,3,0,,,respiratory failure
F1 antibody-accessible localization,clean,42571,1682,2,2,0,0.3014268727705113,0.6991071428571428,female infertility
F1 antibody-accessible localization,clean,42601,3772,1,1,0,0.3555143160127253,0.6446565897639883,injury
F1 antibody-accessible localization,clean,42603,2198,22,27,0,0.32393084622383983,0.6557904411764706,urinary system disorder
F1 antibody-accessible localization,clean,42790,1400,2,2,1,0.05178571428571428,0.9492131616595136,hypogonadism
F1 antibody-accessible localization,clean,42877,2774,0,1,0,,,non-autoimmune hemolytic anemia
F1 antibody-accessible localization,clean,42902,2021,3,3,1,0.032162295893122216,0.9760488932936902,low grade glioma
F1 antibody-accessible localization,clean,42934,1376,1,1,0,0.5370639534883721,0.4632727272727273,gram-negative bacterial infections
F1 antibody-accessible localization,clean,42940,4863,0,1,0,,,rectum adenocarcinoma
F1 antibody-accessible localization,clean,43040,4261,2,2,0,0.4691386998357193,0.5309931908898803,constipation disorder
F1 antibody-accessible localization,clean,43284,4175,13,23,3,0.4977245508982036,0.54443130151924,anemia
F1 antibody-accessible localization,clean,43632,1181,0,1,0,,,synovitis
F1 antibody-accessible localization,clean,43861,3464,0,2,0,,,myocardial ischemia
F1 antibody-accessible localization,clean,43885,1546,2,2,0,0.38260025873221215,0.6178756476683938,pancreatic insulinoma
F1 antibody-accessible localization,clean,44220,556,0,1,0,,,liver cancer
F1 antibody-accessible localization,clean,44406,3300,1,1,0,0.10636363636363637,0.8939072446195817,skin cancer
F1 antibody-accessible localization,clean,44410,4059,3,6,0,0.4358216309435822,0.547172912557528,poisoning
F1 antibody-accessible localization,clean,44543,2109,3,3,0,0.5035561877667141,0.538144982589427,hyperaldosteronism
F1 antibody-accessible localization,clean,44942,2316,0,1,0,,,hypophosphatemia
F1 antibody-accessible localization,clean,45022,4671,4,15,0,0.522586169985014,0.4207735161774159,gastroesophageal junction adenocarcinoma
F1 antibody-accessible localization,clean,45864,2774,0,1,0,,,esophageal disorder
F1 antibody-accessible localization,clean,45933,3154,1,2,0,0.4102726696258719,0.5899143672692674,conjunctivitis
F1 antibody-accessible localization,clean,46121,2141,0,2,0,,,small cell carcinoma
F1 antibody-accessible localization,clean,46370,1619,3,5,0,0.7134033353922175,0.27186468646864687,peptic ulcer disease
F1 antibody-accessible localization,clean,46535,2506,1,1,0,0.029130087789305665,0.9712574850299401,lymphoplasmacytic lymphoma
F1 antibody-accessible localization,clean,46674,2003,23,28,0,0.4238642036944583,0.5043478260869565,spinal cord injury
F1 antibody-accessible localization,clean,46932,2806,7,7,4,0.015680684248039915,0.9611595978155464,myelofibrosis
F1 antibody-accessible localization,clean,46953,982,0,1,0,,,mitochondrial disease
F1 antibody-accessible localization,clean,47275,1303,1,1,1,0.02532617037605526,0.9754224270353302,bronchiectasis
F1 antibody-accessible localization,clean,47354,2736,1,4,0,0.8300438596491229,0.170018281535649,alopecia
F1 antibody-accessible localization,clean,47383,3917,1,1,0,0.13045698238447792,0.8697650663942799,neoplasm of mature B-cells
F1 antibody-accessible localization,clean,47387,4719,0,1,0,,,Hodgkins lymphoma
F1 antibody-accessible localization,clean,47396,3427,1,12,0,0.17070323898453457,0.8295388207822534,"peripheral T-cell lymphoma, not otherwise specified"
F1 antibody-accessible localization,clean,47398,3937,19,33,5,0.036830073660147324,0.9034684720990839,acute lymphoblastic leukemia
F1 antibody-accessible localization,clean,47407,5004,24,27,0,0.30675459632294166,0.6257362784471219,asthma
F1 antibody-accessible localization,clean,47408,4167,9,12,3,0.14302855771538278,0.8533215755437977,atopic eczema
F1 antibody-accessible localization,clean,47412,4937,4,5,2,0.009216123151711567,0.9907764038110684,urinary bladder carcinoma
F1 antibody-accessible localization,clean,47415,5184,7,25,3,0.30960648148148145,0.7290488148127707,breast carcinoma
F1 antibody-accessible localization,clean,47420,3472,1,1,0,0.7367511520737328,0.26332469029098243,cardiomyopathy
F1 antibody-accessible localization,clean,47421,4423,86,134,3,0.17635089305900972,0.7319254012257964,cardiovascular disorder
F1 antibody-accessible localization,clean,47434,4081,25,35,1,0.20436167605978928,0.6970019723865878,congestive heart failure
F1 antibody-accessible localization,clean,47437,5391,24,81,0,0.24114264514932293,0.6802139618657226,diabetes mellitus
F1 antibody-accessible localization,clean,47444,2644,80,93,16,0.0510590015128593,0.824317472698908,epilepsy
F1 antibody-accessible localization,clean,47451,4869,4,15,0,0.40470322448141305,0.4945529290853032,gastric adenocarcinoma
F1 antibody-accessible localization,clean,47462,2504,12,14,0,0.7258386581469649,0.41870652755484217,irritable bowel syndrome
F1 antibody-accessible localization,clean,47468,2498,1,2,0,0.5060048038430744,0.4941930316379656,leukemia
F1 antibody-accessible localization,clean,47470,2798,3,5,1,0.08720514653323802,0.8001192605843769,lymphoma
F1 antibody-accessible localization,clean,47473,3613,1,1,0,0.7915859396623305,0.2084717607973422,metabolic disease
F1 antibody-accessible localization,clean,47493,4197,0,1,0,,,skin disorder
F1 antibody-accessible localization,clean,47499,1668,12,15,0,0.19574340527577938,0.7057165861513688,systemic sclerosis
F1 antibody-accessible localization,clean,47537,5365,13,68,0,0.42851817334575953,0.5818385650224215,type 2 diabetes mellitus
F1 antibody-accessible localization,clean,47542,1495,6,8,0,0.5224080267558529,0.49955227221849113,cirrhosis of liver
F1 antibody-accessible localization,clean,47604,4876,22,54,7,0.022969647251845776,0.8836854328201671,non-small cell lung carcinoma
F1 antibody-accessible localization,clean,47611,1811,2,2,0,0.7473771397018222,0.25262576008844667,peripheral neuropathy
F1 antibody-accessible localization,clean,47614,1987,0,1,0,,,pneumonia
F1 antibody-accessible localization,clean,47623,4049,3,3,1,0.04025685354408496,0.8216345361674081,autism spectrum disorder
F1 antibody-accessible localization,clean,47624,3919,6,6,0,0.32087267159989796,0.6684555754323196,autism
F1 antibody-accessible localization,clean,47631,3206,12,13,0,0.6221147847785402,0.49026821122938846,allergic disease
F1 antibody-accessible localization,clean,47633,1608,1,1,0,0.1449004975124378,0.8556316116988176,lung disorder
F1 antibody-accessible localization,clean,47654,2523,5,11,0,0.20610384462940942,0.7797458300238285,chronic kidney disease
F1 antibody-accessible localization,clean,47655,3810,47,50,0,0.6963254593175853,0.33409852935356016,multiple sclerosis
F1 antibody-accessible localization,clean,47662,3950,1,1,1,0.006329113924050633,0.9939225120283616,atrial flutter
F1 antibody-accessible localization,clean,47663,2321,2,3,0,0.3731150366221456,0.6272100043122035,atherosclerosis
F1 antibody-accessible localization,clean,47684,3959,10,12,0,0.6941146754230867,0.39949354266903014,open-angle glaucoma
F1 antibody-accessible localization,clean,47686,1887,2,3,0,0.5670376258611552,0.43315649867374006,IgA glomerulonephritis
F1 antibody-accessible localization,clean,47700,3047,11,12,0,0.28388578930095176,0.7027488321954725,erectile dysfunction
F1 antibody-accessible localization,clean,47703,2117,0,2,0,,,carcinoid tumor
F1 antibody-accessible localization,clean,47710,2083,0,1,0,,,bone disorder
F1 antibody-accessible localization,clean,47712,1252,14,15,10,0.019568690095846643,0.9487075928917609,focal epilepsy
F1 antibody-accessible localization,clean,47714,2761,1,1,0,0.09815284317276349,0.9021739130434783,peripheral arterial disease
F1 antibody-accessible localization,clean,47724,3607,2,2,2,0.0020792902689215414,0.9983356449375866,venous thromboembolism
F1 antibody-accessible localization,clean,47727,1644,16,26,0,0.37621654501216545,0.6307585995085995,lymphoid leukemia
F1 antibody-accessible localization,clean,47734,3260,10,18,0,0.35644171779141104,0.5902461538461539,duodenal ulcer
F1 antibody-accessible localization,clean,47774,3388,5,5,0,0.24793388429752067,0.6416198640260125,hypotensive disorder
F1 antibody-accessible localization,clean,47863,2131,40,40,0,0.40309713749413423,0.6217838354854137,neurodegenerative disease
F1 antibody-accessible localization,clean,47928,933,1,2,0,0.6355841371918542,0.3648068669527897,atopic conjunctivitis
F1 antibody-accessible localization,clean,48080,1999,1,1,0,0.03601800900450225,0.9644644644644644,hyperprolactinemia
F1 antibody-accessible localization,clean,48413,3438,1,1,0,0.040430482838859805,0.9598487052662206,atypical endometrial hyperplasia
F1 antibody-accessible localization,clean,48537,4816,1,1,1,0.0020764119601328905,0.9981308411214953,HER2 positive breast carcinoma
F1 antibody-accessible localization,clean,48773,3151,0,1,0,,,exanthem
F1 antibody-accessible localization,clean,48841,2741,3,3,0,0.48449470995986865,0.5780374969564159,overactive bladder
F1 antibody-accessible localization,clean,48843,3027,7,7,0,0.385199867855963,0.6019394512771996,diabetic neuropathy
F1 antibody-accessible localization,clean,48850,3754,0,2,0,,,adrenal cortex carcinoma
F1 antibody-accessible localization,clean,48852,2189,0,5,0,,,adrenal gland hyperfunction
F1 antibody-accessible localization,clean,49644,3623,2,2,0,0.23958045818382556,0.7607014636840652,obstructive sleep apnea syndrome
F1 antibody-accessible localization,clean,49670,3177,7,9,0,0.5177840730248662,0.5186570527264533,gastroesophageal reflux disease
F1 antibody-accessible localization,clean,49673,1433,9,9,0,0.5170969993021632,0.40519662921348315,Behcet disease
F1 antibody-accessible localization,clean,49721,3659,23,47,8,0.06012571740912818,0.7940044004400441,breast cancer
F1 antibody-accessible localization,clean,50002,2480,7,7,3,0.06169354838709677,0.8527525850615216,Tourette syndrome
F1 antibody-accessible localization,clean,50730,4421,0,1,0,,,systemic lupus erythematosus
F1 antibody-accessible localization,clean,51394,3605,12,18,3,0.07933425797503468,0.7316077558215047,rheumatoid arthritis
F1 antibody-accessible localization,clean,51431,4814,0,5,0,,,small cell lung carcinoma
F1 antibody-accessible localization,clean,52236,2805,3,6,0,0.036720142602495544,0.9455151082560076,lung cancer
F1 antibody-accessible localization,clean,53272,4899,19,59,0,0.7977138191467646,0.30276100086281277,plasma cell myeloma
F1 antibody-accessible localization,clean,53819,1819,3,4,0,0.33809785596481584,0.5502936857562408,malignant pancreatic neoplasm
F1 antibody-accessible localization,clean,53871,2863,5,5,4,0.01606706252183025,0.9885234429671099,acquired polycythemia vera
F2 druggable protein family,clean,28302,1313,2,2,2,0.00456968773800457,0.9965675057208238,Sjogren syndrome
F2 druggable protein family,clean,36637,1679,3,3,1,0.6670637284097677,0.4954256165473349,gastric cancer
F2 druggable protein family,clean,37110,1688,1,1,0,0.03672985781990521,0.963841138114997,kidney failure
F2 druggable protein family,clean,37143,3049,31,34,8,0.18530665792062972,0.7965326321640052,obesity disorder
F2 druggable protein family,clean,37230,1698,3,5,0,0.25677267373380447,0.6175024582104228,gastric ulcer
F2 druggable protein family,clean,37461,2556,10,11,6,0.015453834115805948,0.9765121759622938,gastrointestinal stromal tumor
F2 druggable protein family,clean,37525,1898,10,11,4,0.045574288724973655,0.8233050847457627,psoriatic arthritis
F2 druggable protein family,clean,37861,2271,0,1,0,,,cholelithiasis
F2 druggable protein family,clean,38232,2690,21,27,2,0.07695167286245354,0.8280076361754893,insomnia
F2 druggable protein family,clean,38404,980,1,3,0,0.22551020408163266,0.7752808988764045,esophagitis
F2 druggable protein family,clean,38912,1840,24,27,5,0.09701086956521739,0.9078102055800293,medullary thyroid gland carcinoma
F2 druggable protein family,clean,39167,1543,3,3,0,0.14841218405703174,0.8508658008658009,primary peritoneal carcinoma
F2 druggable protein family,clean,39191,1542,1,2,0,0.1861219195849546,0.8144062297209604,leiomyoma
F2 druggable protein family,clean,39310,2087,1,1,0,0.07714422616195496,0.9232981783317353,choreatic disease
F2 druggable protein family,clean,39510,2402,8,9,1,0.07722731057452123,0.8703529657477026,dementia
F2 druggable protein family,clean,39719,1586,1,1,0,0.15384615384615385,0.8466876971608833,brain cancer
F2 druggable protein family,clean,39833,2647,1,1,0,0.4631658481299584,0.5370370370370371,diarrheal disease
F2 druggable protein family,clean,40170,994,0,2,0,,,osteopetrosis
F2 druggable protein family,clean,40442,1909,3,3,0,0.17286537454164483,0.8578174186778594,marginal zone lymphoma
F2 druggable protein family,clean,40787,1004,11,17,5,0.052788844621513946,0.8952668680765358,infantile spasms
F2 druggable protein family,clean,40953,1324,0,1,0,,,amenorrhea
F2 druggable protein family,clean,41287,2399,10,21,1,0.6431846602751146,0.4702385935537882,myelodysplastic syndrome
F2 druggable protein family,clean,41324,1898,1,1,0,0.684404636459431,0.31576172904586186,hairy cell leukemia
F2 druggable protein family,clean,41400,958,23,40,0,0.2546972860125261,0.762752848174843,neuromuscular disease
F2 druggable protein family,clean,41402,1079,1,1,0,0.4782205746061168,0.5222634508348795,amyloidosis
F2 druggable protein family,clean,41562,1916,0,3,0,,,hyperpigmentation of the skin
F2 druggable protein family,clean,41590,786,0,1,0,,,sarcoidosis
F2 druggable protein family,clean,41712,1802,12,12,4,0.12957824639289678,0.766806331471136,neuroendocrine neoplasm
F2 druggable protein family,clean,42001,2808,0,1,0,,,pancreatic neuroendocrine tumor
F2 druggable protein family,clean,42106,1704,2,2,2,0.009389671361502348,0.9914806110458284,anaplastic large cell lymphoma
F2 druggable protein family,clean,42432,2316,3,3,1,0.10449050086355786,0.6584522265456118,basal cell carcinoma
F2 druggable protein family,clean,42504,2033,4,19,0,0.2289719626168224,0.7938639724001971,pancreatic neoplasm
F2 druggable protein family,clean,42523,2915,5,20,0,0.6130360205831904,0.414914089347079,ovarian neoplasm
F2 druggable protein family,clean,42550,1339,16,33,5,0.2625093353248693,0.6667611489040061,breast neoplasm
F2 druggable protein family,clean,42560,958,0,3,0,,,respiratory failure
F2 druggable protein family,clean,42571,1014,1,2,0,0.47435897435897434,0.5261599210266535,female infertility
F2 druggable protein family,clean,42601,2275,1,1,0,0.3362637362637363,0.6640281442392261,injury
F2 druggable protein family,clean,42603,1123,10,27,0,0.24443455031166517,0.7255166217430369,urinary system disorder
F2 druggable protein family,clean,42790,799,0,2,0,,,hypogonadism
F2 druggable protein family,clean,42877,1518,0,1,0,,,non-autoimmune hemolytic anemia
F2 druggable protein family,clean,42902,1330,3,3,1,0.0481203007518797,0.964832956543582,low grade glioma
F2 druggable protein family,clean,42934,754,1,1,0,0.4986737400530504,0.50199203187251,gram-negative bacterial infections
F2 druggable protein family,clean,42940,2875,1,1,0,0.6699130434782609,0.3302018093249826,rectum adenocarcinoma
F2 druggable protein family,clean,43040,2720,2,2,0,0.527389705882353,0.47277409860191316,constipation disorder
F2 druggable protein family,clean,43284,2737,18,23,3,0.3812568505663135,0.5629520657104328,anemia
F2 druggable protein family,clean,43632,603,0,1,0,,,synovitis
F2 druggable protein family,clean,43861,2163,2,2,0,0.6074895977808599,0.3926422952336881,myocardial ischemia
F2 druggable protein family,clean,43885,1197,2,2,0,0.4243943191311612,0.5761506276150627,pancreatic insulinoma
F2 druggable protein family,clean,44220,340,1,1,0,0.6588235294117647,0.3421828908554572,liver cancer
F2 druggable protein family,clean,44406,2177,1,1,0,0.11851171336701884,0.8818933823529411,skin cancer
F2 druggable protein family,clean,44410,2485,6,6,0,0.6185110663983904,0.4019093720586258,poisoning
F2 druggable protein family,clean,44543,1289,3,3,0,0.4732350659425912,0.5705028512182478,hyperaldosteronism
F2 druggable protein family,clean,44942,1488,0,1,0,,,hypophosphatemia
F2 druggable protein family,clean,45022,2708,0,15,0,,,gastroesophageal junction adenocarcinoma
F2 druggable protein family,clean,45864,1634,0,1,0,,,esophageal disorder
F2 druggable protein family,clean,45933,1819,2,2,0,0.5470038482682793,0.45321959273527795,conjunctivitis
F2 druggable protein family,clean,46121,1388,2,2,0,0.5929394812680115,0.4072871572871573,small cell carcinoma
F2 druggable protein family,clean,46370,1194,3,5,0,0.5376884422110553,0.45955779457038903,peptic ulcer disease
F2 druggable protein family,clean,46535,1467,1,1,0,0.05862304021813224,0.942019099590723,lymphoplasmacytic lymphoma
F2 druggable protein family,clean,46674,1287,11,28,0,0.24708624708624707,0.7291251068680535,spinal cord injury
F2 druggable protein family,clean,46932,1909,7,7,4,0.02566788894709272,0.939762655850984,myelofibrosis
F2 druggable protein family,clean,46953,741,1,1,0,0.38191632928475033,0.6189189189189189,mitochondrial disease
F2 druggable protein family,clean,47275,597,1,1,1,0.06365159128978225,0.9379194630872483,bronchiectasis
F2 druggable protein family,clean,47354,1490,3,4,0,0.04697986577181208,0.6496301277740417,alopecia
F2 druggable protein family,clean,47383,2306,1,1,0,0.2259323503902862,0.7744034707158352,neoplasm of mature B-cells
F2 druggable protein family,clean,47387,2699,1,1,0,0.738051130048166,0.2620459599703484,Hodgkins lymphoma
F2 druggable protein family,clean,47396,2151,12,12,1,0.10204556020455602,0.8123733832008727,"peripheral T-cell lymphoma, not otherwise specified"
F2 druggable protein family,clean,47398,2509,24,33,4,0.07971303308090873,0.8093896713615023,acute lymphoblastic leukemia
F2 druggable protein family,clean,47407,2883,26,27,0,0.3631633714880333,0.5882582590667995,asthma
F2 druggable protein family,clean,47408,2252,10,12,3,0.17673179396092362,0.8168153434433542,atopic eczema
F2 druggable protein family,clean,47412,2920,5,5,2,0.0273972602739726,0.9589022298456261,urinary bladder carcinoma
F2 druggable protein family,clean,47415,3052,8,25,3,0.1004259501965924,0.7395696452036794,breast carcinoma
F2 druggable protein family,clean,47420,2109,1,1,0,0.6832622095779991,0.31688804554079697,cardiomyopathy
F2 druggable protein family,clean,47421,2628,84,134,12,0.17275494672754949,0.7263963761605271,cardiovascular disorder
F2 druggable protein family,clean,47434,2542,23,35,0,0.3166797797010228,0.624764830764451,congestive heart failure
F2 druggable protein family,clean,47437,3160,45,81,16,0.05063291139240506,0.7937934724451579,diabetes mellitus
F2 druggable protein family,clean,47444,1598,68,93,27,0.04443053817271589,0.7942137639369473,epilepsy
F2 druggable protein family,clean,47451,2888,0,15,0,,,gastric adenocarcinoma
F2 druggable protein family,clean,47462,1356,14,14,0,0.7013274336283186,0.418245688737492,irritable bowel syndrome
F2 druggable protein family,clean,47468,1756,1,2,0,0.5780182232346242,0.4222222222222222,leukemia
F2 druggable protein family,clean,47470,1670,3,5,1,0.1281437125748503,0.7566486702659468,lymphoma
F2 druggable protein family,clean,47473,2288,1,1,0,0.7967657342657343,0.20332313073895933,metabolic disease
F2 druggable protein family,clean,47493,2402,0,1,0,,,skin disorder
F2 druggable protein family,clean,47499,994,12,15,0,0.2007042253521127,0.6984046164290564,systemic sclerosis
F2 druggable protein family,clean,47537,3147,36,68,0,0.899904671115348,0.2475624129433194,type 2 diabetes mellitus
F2 druggable protein family,clean,47542,887,6,8,0,0.5479143179255919,0.4733257661748014,cirrhosis of liver
F2 druggable protein family,clean,47604,2894,25,54,7,0.04733932273669662,0.8021192052980133,non-small cell lung carcinoma
F2 druggable protein family,clean,47611,1342,0,2,0,,,peripheral neuropathy
F2 druggable protein family,clean,47614,1244,0,1,0,,,pneumonia
F2 druggable protein family,clean,47623,2439,3,3,1,0.041820418204182044,0.803639846743295,autism spectrum disorder
F2 druggable protein family,clean,47624,2595,6,6,0,0.38188824662813103,0.6199948500064375,autism
F2 druggable protein family,clean,47631,1947,12,13,0,0.6484334874165383,0.4661498708010336,allergic disease
F2 druggable protein family,clean,47633,767,1,1,0,0.1395045632333768,0.8616187989556136,lung disorder
F2 druggable protein family,clean,47654,1543,9,11,0,0.2825664290343487,0.6869477038968564,chronic kidney disease
F2 druggable protein family,clean,47655,2323,31,50,0,0.6332328885062419,0.386167877047796,multiple sclerosis
F2 druggable protein family,clean,47662,2106,1,1,1,0.006647673314339981,0.9938242280285036,atrial flutter
F2 druggable protein family,clean,47663,1388,2,3,0,0.6098703170028819,0.3903318903318903,atherosclerosis
F2 druggable protein family,clean,47684,2470,12,12,0,0.7497975708502025,0.3672362354217521,open-angle glaucoma
F2 druggable protein family,clean,47686,985,2,3,0,0.5187817258883249,0.48168870803662256,IgA glomerulonephritis
F2 druggable protein family,clean,47700,1609,12,12,0,0.31261653200745804,0.6301398455437278,erectile dysfunction
F2 druggable protein family,clean,47703,1512,2,2,0,0.5591931216931217,0.4410596026490066,carcinoid tumor
F2 druggable protein family,clean,47710,1270,1,1,0,0.75748031496063,0.24271079590228525,bone disorder
F2 druggable protein family,clean,47712,626,15,15,10,0.036741214057507986,0.8928532460447354,focal epilepsy
F2 druggable protein family,clean,47714,1361,1,1,0,0.12417340191036003,0.8764705882352941,peripheral arterial disease
F2 druggable protein family,clean,47724,2053,2,2,2,0.002679006332196785,0.9980497318381277,venous thromboembolism
F2 druggable protein family,clean,47727,1130,18,26,0,0.386283185840708,0.6100119904076738,lymphoid leukemia
F2 druggable protein family,clean,47734,1856,16,18,1,0.24030172413793105,0.6545516304347826,duodenal ulcer
F2 druggable protein family,clean,47774,2201,4,5,0,0.2848705134029986,0.6705735093309058,hypotensive disorder
F2 druggable protein family,clean,47863,1034,23,40,2,0.29206963249516443,0.7335827635143852,neurodegenerative disease
F2 druggable protein family,clean,47928,278,1,2,0,0.2805755395683453,0.7220216606498195,atopic conjunctivitis
F2 druggable protein family,clean,48080,1313,1,1,0,0.048743335872048744,0.9519817073170732,hyperprolactinemia
F2 druggable protein family,clean,48413,2151,0,1,0,,,atypical endometrial hyperplasia
F2 druggable protein family,clean,48537,2872,1,1,1,0.002785515320334262,0.997561825148032,HER2 positive breast carcinoma
F2 druggable protein family,clean,48773,1897,0,1,0,,,exanthem
F2 druggable protein family,clean,48841,1490,3,3,0,0.610738255033557,0.4779197489352163,overactive bladder
F2 druggable protein family,clean,48843,1946,7,7,0,0.43216855087358685,0.5617033817136963,diabetic neuropathy
F2 druggable protein family,clean,48850,2412,2,2,0,0.8536484245439468,0.1462655601659751,adrenal cortex carcinoma
F2 druggable protein family,clean,48852,1608,4,5,0,0.6358830845771144,0.302213216957606,adrenal gland hyperfunction
F2 druggable protein family,clean,49644,2307,2,2,0,0.22540095361941914,0.7750542299349241,obstructive sleep apnea syndrome
F2 druggable protein family,clean,49670,1822,7,9,0,0.6553238199780461,0.4012593467138922,gastroesophageal reflux disease
F2 druggable protein family,clean,49673,836,9,9,0,0.4964114832535885,0.4135429262394196,Behcet disease
F2 druggable protein family,clean,49721,2264,26,47,6,0.14487632508833923,0.728638207190486,breast cancer
F2 druggable protein family,clean,50002,1342,7,7,3,0.06110283159463487,0.8491171749598716,Tourette syndrome
F2 druggable protein family,clean,50730,2554,0,1,0,,,systemic lupus erythematosus
F2 druggable protein family,clean,51394,2279,15,18,4,0.12198332602018429,0.7449057714958776,rheumatoid arthritis
F2 druggable protein family,clean,51431,2836,5,5,1,0.0736953455571227,0.9084422465559873,small cell lung carcinoma
F2 druggable protein family,clean,52236,1805,5,6,0,0.12465373961218837,0.7925555555555556,lung cancer
F2 druggable protein family,clean,53272,2915,41,59,0,0.7958833619210978,0.395692245022659,plasma cell myeloma
F2 druggable protein family,clean,53819,1345,4,4,0,0.5494423791821561,0.4179716629381059,malignant pancreatic neoplasm
F2 druggable protein family,clean,53871,1935,5,5,4,0.023772609819121448,0.9838341968911917,acquired polycythemia vera
F3 F1 or F2,clean,28302,2751,2,2,2,0.0021810250817884407,0.9983630411058567,Sjogren syndrome
F3 F1 or F2,clean,36637,3324,3,3,1,0.6209386281588448,0.5251430292080699,gastric cancer
F3 F1 or F2,clean,37110,3517,1,1,0,0.021324992891669035,0.9789533560864618,kidney failure
F3 F1 or F2,clean,37143,6655,34,34,5,0.1667167543200601,0.8017671046669688,obesity disorder
F3 F1 or F2,clean,37230,3417,5,5,0,0.43898156277436345,0.5433177022274326,gastric ulcer
F3 F1 or F2,clean,37461,5254,11,11,6,0.009135896459840122,0.9841693686820523,gastrointestinal stromal tumor
F3 F1 or F2,clean,37525,3880,10,11,3,0.04291237113402062,0.8233850129198966,psoriatic arthritis
F3 F1 or F2,clean,37861,4579,0,1,0,,,cholelithiasis
F3 F1 or F2,clean,38232,5467,27,27,0,0.09694530821291385,0.8487132352941177,insomnia
F3 F1 or F2,clean,38404,1770,3,3,0,0.25310734463276835,0.7260894170911149,esophagitis
F3 F1 or F2,clean,38912,3342,25,27,5,0.08049072411729503,0.9087247512812783,medullary thyroid gland carcinoma
F3 F1 or F2,clean,39167,2778,3,3,0,0.10691144708423327,0.8915315315315315,primary peritoneal carcinoma
F3 F1 or F2,clean,39191,2799,2,2,0,0.082529474812433,0.9179478012155882,leiomyoma
F3 F1 or F2,clean,39310,4234,1,1,0,0.06282475200755787,0.93739664540515,choreatic disease
F3 F1 or F2,clean,39510,5196,9,9,1,0.05985373364126251,0.8947796842533685,dementia
F3 F1 or F2,clean,39719,3083,1,1,0,0.15050275705481675,0.8497728747566515,brain cancer
F3 F1 or F2,clean,39833,5231,1,1,0,0.3959090040145288,0.6042065009560229,diarrheal disease
F3 F1 or F2,clean,40170,2046,1,2,0,0.16862170087976538,0.8317848410757946,osteopetrosis
F3 F1 or F2,clean,40442,3688,3,3,0,0.12988069414316702,0.8941655359565808,marginal zone lymphoma
F3 F1 or F2,clean,40787,2078,17,17,0,0.04812319538017324,0.9091817221794103,infantile spasms
F3 F1 or F2,clean,40953,2520,1,1,0,0.07182539682539682,0.9285430726478762,amenorrhea
F3 F1 or F2,clean,41287,5084,12,21,0,0.5020653029110936,0.5610870136698213,myelodysplastic syndrome
F3 F1 or F2,clean,41324,4297,1,1,0,0.5701652315569001,0.4299348230912477,hairy cell leukemia
F3 F1 or F2,clean,41400,2076,40,40,0,0.28227360308285165,0.7273084479371317,neuromuscular disease
F3 F1 or F2,clean,41402,2260,1,1,0,0.5154867256637168,0.4847277556440903,amyloidosis
F3 F1 or F2,clean,41562,3691,1,3,0,0.2980222162015714,0.7021680216802167,hyperpigmentation of the skin
F3 F1 or F2,clean,41590,1634,0,1,0,,,sarcoidosis
F3 F1 or F2,clean,41712,3955,12,12,2,0.11188369152970923,0.7935582044128836,neuroendocrine neoplasm
F3 F1 or F2,clean,42001,6090,0,1,0,,,pancreatic neuroendocrine tumor
F3 F1 or F2,clean,42106,3355,2,2,2,0.005961251862891207,0.9944825529376677,anaplastic large cell lymphoma
F3 F1 or F2,clean,42432,4678,3,3,0,0.08657545959811885,0.6705169340463458,basal cell carcinoma
F3 F1 or F2,clean,42504,4358,8,19,0,0.2676686553464892,0.6112931034482758,pancreatic neoplasm
F3 F1 or F2,clean,42523,6355,9,20,0,0.5686860739575138,0.41895157054312426,ovarian neoplasm
F3 F1 or F2,clean,42550,2762,21,33,5,0.3392469225199131,0.6886954708917497,breast neoplasm
F3 F1 or F2,clean,42560,2070,0,3,0,,,respiratory failure
F3 F1 or F2,clean,42571,2014,2,2,0,0.2909632571996028,0.709493041749503,female infertility
F3 F1 or F2,clean,42601,4723,1,1,0,0.33389794622062247,0.6662431173231681,injury
F3 F1 or F2,clean,42603,2573,22,27,0,0.31500194325689856,0.6649264103203735,urinary system disorder
F3 F1 or F2,clean,42790,1620,2,2,1,0.049074074074074076,0.9517923362175525,hypogonadism
F3 F1 or F2,clean,42877,3361,0,1,0,,,non-autoimmune hemolytic anemia
F3 F1 or F2,clean,42902,2603,3,3,1,0.032654629273914715,0.9758974358974359,low grade glioma
F3 F1 or F2,clean,42934,1747,1,1,0,0.5094447624499141,0.490836197021764,gram-negative bacterial infections
F3 F1 or F2,clean,42940,6232,1,1,0,0.620186136071887,0.37987481945113144,rectum adenocarcinoma
F3 F1 or F2,clean,43040,5502,2,2,0,0.4788258814976372,0.5212727272727272,constipation disorder
F3 F1 or F2,clean,43284,5467,20,23,3,0.4607645875251509,0.5708830548926014,anemia
F3 F1 or F2,clean,43632,1369,0,1,0,,,synovitis
F3 F1 or F2,clean,43861,4283,2,2,0,0.6237450385243988,0.37631394533987383,myocardial ischemia
F3 F1 or F2,clean,43885,2191,2,2,0,0.39046097672295754,0.6098675194152581,pancreatic insulinoma
F3 F1 or F2,clean,44220,701,1,1,0,0.6134094151212554,0.3871428571428571,liver cancer
F3 F1 or F2,clean,44406,4281,1,1,0,0.10604998832048587,0.8941588785046729,skin cancer
F3 F1 or F2,clean,44410,5142,6,6,0,0.6088098016336057,0.41244807892004154,poisoning
F3 F1 or F2,clean,44543,2527,3,3,0,0.4792243767313019,0.5635235076597993,hyperaldosteronism
F3 F1 or F2,clean,44942,2804,0,1,0,,,hypophosphatemia
F3 F1 or F2,clean,45022,5923,4,15,0,0.552844842140807,0.39284507518161854,gastroesophageal junction adenocarcinoma
F3 F1 or F2,clean,45864,3344,0,1,0,,,esophageal disorder
F3 F1 or F2,clean,45933,3838,2,2,0,0.5188900468994267,0.4812304483837331,conjunctivitis
F3 F1 or F2,clean,46121,2734,2,2,0,0.5287125091441112,0.47144948755490484,small cell carcinoma
F3 F1 or F2,clean,46370,2030,5,5,0,0.7059113300492611,0.412641975308642,peptic ulcer disease
F3 F1 or F2,clean,46535,3121,1,1,0,0.03556552387055431,0.9647435897435898,lymphoplasmacytic lymphoma
F3 F1 or F2,clean,46674,2442,23,28,0,0.3914823914823915,0.5278681452989917,spinal cord injury
F3 F1 or F2,clean,46932,3628,7,7,2,0.015711135611907387,0.9569574308596678,myelofibrosis
F3 F1 or F2,clean,46953,1363,1,1,0,0.2846661775495231,0.7158590308370044,mitochondrial disease
F3 F1 or F2,clean,47275,1470,1,1,0,0.03945578231292517,0.9611980939414567,bronchiectasis
F3 F1 or F2,clean,47354,3337,3,4,0,0.04225352112676056,0.6880623875224955,alopecia
F3 F1 or F2,clean,47383,4956,1,1,0,0.15415657788539144,0.8460141271442987,neoplasm of mature B-cells
F3 F1 or F2,clean,47387,5955,1,1,0,0.6789252728799329,0.32112865300638227,Hodgkins lymphoma
F3 F1 or F2,clean,47396,4359,12,12,0,0.06859371415462262,0.8541331186258723,"peripheral T-cell lymphoma, not otherwise specified"
F3 F1 or F2,clean,47398,5080,26,33,4,0.048031496062992125,0.8470366198898055,acute lymphoblastic leukemia
F3 F1 or F2,clean,47407,6326,26,27,0,0.3200284539993677,0.6287118437118437,asthma
F3 F1 or F2,clean,47408,5077,10,12,3,0.1524522355721883,0.8373791197947503,atopic eczema
F3 F1 or F2,clean,47412,6336,5,5,2,0.014993686868686868,0.9736534512715211,urinary bladder carcinoma
F3 F1 or F2,clean,47415,6651,13,25,3,0.32325966020147345,0.708774654089508,breast carcinoma
F3 F1 or F2,clean,47420,4362,1,1,0,0.707932141219624,0.29213483146067415,cardiomyopathy
F3 F1 or F2,clean,47421,5578,108,134,5,0.15426676228038722,0.7443631931748934,cardiovascular disorder
F3 F1 or F2,clean,47434,5203,28,35,1,0.21353065539112048,0.6838302277432712,congestive heart failure
F3 F1 or F2,clean,47437,6889,49,81,16,0.09653070111772391,0.8107769423558897,diabetes mellitus
F3 F1 or F2,clean,47444,3205,88,93,16,0.047737909516380655,0.779716073147257,epilepsy
F3 F1 or F2,clean,47451,6248,4,15,0,0.42637644046094747,0.4740150544522742,gastric adenocarcinoma
F3 F1 or F2,clean,47462,2951,14,14,0,0.7109454422229753,0.4170922710248553,irritable bowel syndrome
F3 F1 or F2,clean,47468,3299,1,2,0,0.5222794786298879,0.47786537295330506,leukemia
F3 F1 or F2,clean,47470,3556,3,5,0,0.0953318335208099,0.7924758420114457,lymphoma
F3 F1 or F2,clean,47473,4636,1,1,0,0.7862381363244176,0.21380798274002158,metabolic disease
F3 F1 or F2,clean,47493,5246,0,1,0,,,skin disorder
F3 F1 or F2,clean,47499,2064,13,15,0,0.2059108527131783,0.6653039792971533,systemic sclerosis
F3 F1 or F2,clean,47537,6868,37,68,0,0.8343040186371579,0.3007157354983442,type 2 diabetes mellitus
F3 F1 or F2,clean,47542,1835,6,8,0,0.5264305177111717,0.49571714962638963,cirrhosis of liver
F3 F1 or F2,clean,47604,6240,32,54,7,0.058493589743589744,0.7900289948453608,non-small cell lung carcinoma
F3 F1 or F2,clean,47611,2443,2,2,0,0.7427343430208759,0.2572716099959033,peripheral neuropathy
F3 F1 or F2,clean,47614,2457,0,1,0,,,pneumonia
F3 F1 or F2,clean,47623,5089,3,3,1,0.03812143839654156,0.8191112858828156,autism spectrum disorder
F3 F1 or F2,clean,47624,5106,6,6,0,0.3405797101449275,0.6535620915032679,autism
F3 F1 or F2,clean,47631,4010,12,13,0,0.6197007481296758,0.49299649824912456,allergic disease
F3 F1 or F2,clean,47633,1758,1,1,0,0.13708759954493743,0.8634035287421742,lung disorder
F3 F1 or F2,clean,47654,3131,9,11,0,0.27499201533056533,0.6884119866182646,chronic kidney disease
F3 F1 or F2,clean,47655,4772,48,50,0,0.674140821458508,0.353412538808919,multiple sclerosis
F3 F1 or F2,clean,47662,4759,1,1,1,0.0052532044547173775,0.9949558638083228,atrial flutter
F3 F1 or F2,clean,47663,2763,3,3,0,0.41730003619254435,0.520048309178744,atherosclerosis
F3 F1 or F2,clean,47684,5050,12,12,0,0.7612871287128713,0.35323210268625116,open-angle glaucoma
F3 F1 or F2,clean,47686,2228,2,3,0,0.5282764811490126,0.4719227313566936,IgA glomerulonephritis
F3 F1 or F2,clean,47700,3634,12,12,0,0.27641717116125486,0.6643198969261918,erectile dysfunction
F3 F1 or F2,clean,47703,2839,2,2,0,0.5068686157097569,0.49330278463165317,carcinoid tumor
F3 F1 or F2,clean,47710,2661,1,1,0,0.7207816610296881,0.2793233082706767,bone disorder
F3 F1 or F2,clean,47712,1376,15,15,9,0.023982558139534885,0.8937545922116091,focal epilepsy
F3 F1 or F2,clean,47714,3193,1,1,0,0.0967741935483871,0.9035087719298246,peripheral arterial disease
F3 F1 or F2,clean,47724,4462,2,2,2,0.0016808606006275212,0.9986547085201793,venous thromboembolism
F3 F1 or F2,clean,47727,2194,20,26,0,0.3810391978122151,0.6156853725850966,lymphoid leukemia
F3 F1 or F2,clean,47734,3941,18,18,0,0.19018015732047705,0.6728552411703062,duodenal ulcer
F3 F1 or F2,clean,47774,4328,5,5,0,0.25670055452865065,0.6356696738376127,hypotensive disorder
F3 F1 or F2,clean,47863,2377,40,40,0,0.3824148085822465,0.640821566110398,neurodegenerative disease
F3 F1 or F2,clean,47928,1018,1,2,0,0.593320235756385,0.40707964601769914,atopic conjunctivitis
F3 F1 or F2,clean,48080,2464,1,1,0,0.036931818181818184,0.9634591961023142,hyperprolactinemia
F3 F1 or F2,clean,48413,4438,1,1,0,0.047994592158630014,0.952219968447149,atypical endometrial hyperplasia
F3 F1 or F2,clean,48537,6183,1,1,1,0.0019408054342552159,0.998220640569395,HER2 positive breast carcinoma
F3 F1 or F2,clean,48773,3953,0,1,0,,,exanthem
F3 F1 or F2,clean,48841,3238,3,3,0,0.5074119827053737,0.5596084492529624,overactive bladder
F3 F1 or F2,clean,48843,3790,7,7,0,0.39050131926121373,0.5977493297080926,diabetic neuropathy
F3 F1 or F2,clean,48850,4838,2,2,0,0.8212071103761884,0.17876344086021506,adrenal cortex carcinoma
F3 F1 or F2,clean,48852,2867,4,5,0,0.5983606557377049,0.3340901152637094,adrenal gland hyperfunction
F3 F1 or F2,clean,49644,4593,2,2,0,0.22262138036141954,0.7776083641908081,obstructive sleep apnea syndrome
F3 F1 or F2,clean,49670,3863,9,9,0,0.6127362153766502,0.4736493109611947,gastroesophageal reflux disease
F3 F1 or F2,clean,49673,1623,9,9,0,0.4941466420209489,0.42599476800220293,Behcet disease
F3 F1 or F2,clean,49721,4659,34,47,6,0.09916291049581455,0.7718600953895072,breast cancer
F3 F1 or F2,clean,50002,2871,7,7,2,0.05677464298153953,0.8578411811652035,Tourette syndrome
F3 F1 or F2,clean,50730,5536,0,1,0,,,systemic lupus erythematosus
F3 F1 or F2,clean,51394,4600,17,18,3,0.23630434782608695,0.6943435458407671,rheumatoid arthritis
F3 F1 or F2,clean,51431,6164,5,5,1,0.04380272550292018,0.9363533041078097,small cell lung carcinoma
F3 F1 or F2,clean,52236,3581,5,6,0,0.10248533929070092,0.8242170022371365,lung cancer
F3 F1 or F2,clean,53272,6297,45,59,0,0.7527393997141496,0.43112603966730645,plasma cell myeloma
F3 F1 or F2,clean,53819,2455,4,4,0,0.4733197556008147,0.4910240718074255,malignant pancreatic neoplasm
F3 F1 or F2,clean,53871,3714,5,5,2,0.014539579967689823,0.9896468050687517,acquired polycythemia vera
F4 OT tractable (sm or ab),PARTLY LEAKY,28302,3601,2,2,2,0.0016662038322688142,0.9987496526813003,Sjogren syndrome
F4 OT tractable (sm or ab),PARTLY LEAKY,36637,4488,3,3,0,0.5951426024955436,0.5426235600148643,gastric cancer
F4 OT tractable (sm or ab),PARTLY LEAKY,37110,4712,1,1,0,0.01931239388794567,0.9808957758437699,kidney failure
F4 OT tractable (sm or ab),PARTLY LEAKY,37143,9147,34,34,4,0.1494479064174046,0.8169905952065891,obesity disorder
F4 OT tractable (sm or ab),PARTLY LEAKY,37230,4433,5,5,0,0.4170990300022558,0.5660343270099367,gastric ulcer
F4 OT tractable (sm or ab),PARTLY LEAKY,37461,7174,11,11,3,0.008224142737663786,0.9838310509816862,gastrointestinal stromal tumor
F4 OT tractable (sm or ab),PARTLY LEAKY,37525,5101,11,11,3,0.05606743775730249,0.8125379532059296,psoriatic arthritis
F4 OT tractable (sm or ab),PARTLY LEAKY,37861,6024,1,1,0,0.015770252324037184,0.984393159555039,cholelithiasis
F4 OT tractable (sm or ab),PARTLY LEAKY,38232,7595,27,27,0,0.08492429229756418,0.8610915355101402,insomnia
F4 OT tractable (sm or ab),PARTLY LEAKY,38404,2553,3,3,0,0.22052487269878573,0.7543790849673203,esophagitis
F4 OT tractable (sm or ab),PARTLY LEAKY,38912,4517,27,27,4,0.08722603497896834,0.8880970056916605,medullary thyroid gland carcinoma
F4 OT tractable (sm or ab),PARTLY LEAKY,39167,4077,3,3,0,0.1128280598479274,0.8862706594665357,primary peritoneal carcinoma
F4 OT tractable (sm or ab),PARTLY LEAKY,39191,3805,2,2,0,0.0900131406044678,0.9103339468840389,leiomyoma
F4 OT tractable (sm or ab),PARTLY LEAKY,39310,5735,1,1,0,0.05335658238884045,0.9468085106382979,choreatic disease
F4 OT tractable (sm or ab),PARTLY LEAKY,39510,7012,9,9,0,0.05975470621791215,0.8976946388055913,dementia
F4 OT tractable (sm or ab),PARTLY LEAKY,39719,3881,1,1,0,0.15073434681783046,0.8494845360824742,brain cancer
F4 OT tractable (sm or ab),PARTLY LEAKY,39833,7119,1,1,0,0.3636746734091867,0.6364147232368643,diarrheal disease
F4 OT tractable (sm or ab),PARTLY LEAKY,40170,2594,2,2,0,0.3880107941403238,0.6122685185185185,osteopetrosis
F4 OT tractable (sm or ab),PARTLY LEAKY,40442,4921,3,3,0,0.1314773420036578,0.8934526230174867,marginal zone lymphoma
F4 OT tractable (sm or ab),PARTLY LEAKY,40787,2753,17,17,0,0.04758445332364693,0.9109907120743034,infantile spasms
F4 OT tractable (sm or ab),PARTLY LEAKY,40953,3313,1,1,0,0.06489586477512828,0.9353864734299517,amenorrhea
F4 OT tractable (sm or ab),PARTLY LEAKY,41287,6697,21,21,0,0.6090786919516201,0.46135410425404433,myelodysplastic syndrome
F4 OT tractable (sm or ab),PARTLY LEAKY,41324,5571,1,1,0,0.584993717465446,0.41508078994614006,hairy cell leukemia
F4 OT tractable (sm or ab),PARTLY LEAKY,41400,2654,40,40,0,0.27694046721929166,0.7308722264728386,neuromuscular disease
F4 OT tractable (sm or ab),PARTLY LEAKY,41402,2858,1,1,0,0.47970608817354793,0.5204760238011901,amyloidosis
F4 OT tractable (sm or ab),PARTLY LEAKY,41562,5042,3,3,0,0.40916303054343517,0.570285109479394,hyperpigmentation of the skin
F4 OT tractable (sm or ab),PARTLY LEAKY,41590,2123,1,1,0,0.6796985398021668,0.32045240339302544,sarcoidosis
F4 OT tractable (sm or ab),PARTLY LEAKY,41712,5088,12,12,2,0.10603380503144655,0.7957381140005253,neuroendocrine neoplasm
F4 OT tractable (sm or ab),PARTLY LEAKY,42001,8225,1,1,0,0.026382978723404255,0.9737354085603113,pancreatic neuroendocrine tumor
F4 OT tractable (sm or ab),PARTLY LEAKY,42106,4497,2,2,2,0.00644874360684901,0.9938820912124583,anaplastic large cell lymphoma
F4 OT tractable (sm or ab),PARTLY LEAKY,42432,6238,3,3,0,0.08977236293683873,0.6740443731622561,basal cell carcinoma
F4 OT tractable (sm or ab),PARTLY LEAKY,42504,5626,19,19,0,0.7049413437611092,0.3924136183154516,pancreatic neoplasm
F4 OT tractable (sm or ab),PARTLY LEAKY,42523,8673,20,20,0,0.7322149198662515,0.3312319426788397,ovarian neoplasm
F4 OT tractable (sm or ab),PARTLY LEAKY,42550,3935,33,33,5,0.49682337992376113,0.5813335818461395,breast neoplasm
F4 OT tractable (sm or ab),PARTLY LEAKY,42560,2575,3,3,0,0.7211650485436893,0.3347589424572317,respiratory failure
F4 OT tractable (sm or ab),PARTLY LEAKY,42571,2528,2,2,0,0.2848101265822785,0.7155581947743468,female infertility
F4 OT tractable (sm or ab),PARTLY LEAKY,42601,6359,1,1,0,0.30287781097656863,0.6972318339100346,injury
F4 OT tractable (sm or ab),PARTLY LEAKY,42603,3302,27,27,0,0.31950333131435493,0.6663387051173311,urinary system disorder
F4 OT tractable (sm or ab),PARTLY LEAKY,42790,1995,2,2,1,0.05363408521303258,0.9470647265429002,hypogonadism
F4 OT tractable (sm or ab),PARTLY LEAKY,42877,4562,1,1,0,0.34831214379658043,0.6518307388730542,non-autoimmune hemolytic anemia
F4 OT tractable (sm or ab),PARTLY LEAKY,42902,3246,3,3,1,0.033887861983980284,0.9752286977078837,low grade glioma
F4 OT tractable (sm or ab),PARTLY LEAKY,42934,2514,1,1,0,0.4673826571201273,0.5328292877039396,gram-negative bacterial infections
F4 OT tractable (sm or ab),PARTLY LEAKY,42940,8472,1,1,0,0.6148489140698773,0.38519655294534294,rectum adenocarcinoma
F4 OT tractable (sm or ab),PARTLY LEAKY,43040,7624,2,2,0,0.46897953830010497,0.5310942009971136,constipation disorder
F4 OT tractable (sm or ab),PARTLY LEAKY,43284,7618,22,23,1,0.45057757941716986,0.5670867442194456,anemia
F4 OT tractable (sm or ab),PARTLY LEAKY,43632,1632,1,1,0,0.7536764705882353,0.24647455548743102,synovitis
F4 OT tractable (sm or ab),PARTLY LEAKY,43861,5631,2,2,0,0.587728645000888,0.41232901048143544,myocardial ischemia
F4 OT tractable (sm or ab),PARTLY LEAKY,43885,3066,2,2,0,0.38714938030006524,0.6130874673629243,pancreatic insulinoma
F4 OT tractable (sm or ab),PARTLY LEAKY,44220,954,1,1,0,0.5838574423480084,0.41657922350472193,liver cancer
F4 OT tractable (sm or ab),PARTLY LEAKY,44406,5887,1,1,0,0.10005095974180397,0.9001019367991845,skin cancer
F4 OT tractable (sm or ab),PARTLY LEAKY,44410,7114,6,6,0,0.5787180208040483,0.4418026636653536,poisoning
F4 OT tractable (sm or ab),PARTLY LEAKY,44543,3166,3,3,0,0.4636765634870499,0.5771946464327116,hyperaldosteronism
F4 OT tractable (sm or ab),PARTLY LEAKY,44942,3472,1,1,0,0.017857142857142856,0.9824258138864881,hypophosphatemia
F4 OT tractable (sm or ab),PARTLY LEAKY,45022,7978,15,15,0,0.6437703685134119,0.31320691531667294,gastroesophageal junction adenocarcinoma
F4 OT tractable (sm or ab),PARTLY LEAKY,45864,4428,1,1,0,0.16531165311653118,0.8348768918003162,esophageal disorder
F4 OT tractable (sm or ab),PARTLY LEAKY,45933,5121,2,2,0,0.5036125756688147,0.49648368822035555,conjunctivitis
F4 OT tractable (sm or ab),PARTLY LEAKY,46121,3498,2,2,0,0.5132933104631218,0.4868421052631579,small cell carcinoma
F4 OT tractable (sm or ab),PARTLY LEAKY,46370,2567,5,5,0,0.6879626022594468,0.4281030444964871,peptic ulcer disease
F4 OT tractable (sm or ab),PARTLY LEAKY,46535,3867,1,1,0,0.03465218515645203,0.9655975168132437,lymphoplasmacytic lymphoma
F4 OT tractable (sm or ab),PARTLY LEAKY,46674,3243,28,28,0,0.5020043169904409,0.5342368362586092,spinal cord injury
F4 OT tractable (sm or ab),PARTLY LEAKY,46932,4909,7,7,2,0.013852108372377266,0.9593751821414,myelofibrosis
F4 OT tractable (sm or ab),PARTLY LEAKY,46953,1985,1,1,0,0.3959697732997481,0.6043346774193549,mitochondrial disease
F4 OT tractable (sm or ab),PARTLY LEAKY,47275,1739,1,1,0,0.03795284646348476,0.9626006904487917,bronchiectasis
F4 OT tractable (sm or ab),PARTLY LEAKY,47354,4362,4,4,0,0.11267767079321411,0.7111633776961909,alopecia
F4 OT tractable (sm or ab),PARTLY LEAKY,47383,6592,1,1,0,0.15473300970873785,0.8453952359277803,neoplasm of mature B-cells
F4 OT tractable (sm or ab),PARTLY LEAKY,47387,7946,1,1,0,0.6652403725144727,0.33480176211453744,Hodgkins lymphoma
F4 OT tractable (sm or ab),PARTLY LEAKY,47396,5865,12,12,0,0.06973572037510656,0.85587163278091,"peripheral T-cell lymphoma, not otherwise specified"
F4 OT tractable (sm or ab),PARTLY LEAKY,47398,6813,33,33,4,0.09085571701159548,0.8064762670957362,acute lymphoblastic leukemia
F4 OT tractable (sm or ab),PARTLY LEAKY,47407,8620,27,27,0,0.2751740139211137,0.6613781243130714,asthma
F4 OT tractable (sm or ab),PARTLY LEAKY,47408,6661,12,12,3,0.13293799729770306,0.8614954629768887,atopic eczema
F4 OT tractable (sm or ab),PARTLY LEAKY,47412,8614,5,5,2,0.016020431855119574,0.9732837727959113,urinary bladder carcinoma
F4 OT tractable (sm or ab),PARTLY LEAKY,47415,9099,25,25,4,0.4681833168480053,0.5938130923517743,breast carcinoma
F4 OT tractable (sm or ab),PARTLY LEAKY,47420,6007,1,1,0,0.667055102380556,0.333000333000333,cardiomyopathy
F4 OT tractable (sm or ab),PARTLY LEAKY,47421,7457,134,134,8,0.1255866970631621,0.7720186449970549,cardiovascular disorder
F4 OT tractable (sm or ab),PARTLY LEAKY,47434,7221,35,35,3,0.18335410607949038,0.7363245994195062,congestive heart failure
F4 OT tractable (sm or ab),PARTLY LEAKY,47437,9439,81,81,25,0.025214535438076068,0.8508953849482452,diabetes mellitus
F4 OT tractable (sm or ab),PARTLY LEAKY,47444,4251,93,93,16,0.04516584333098095,0.7794586934371881,epilepsy
F4 OT tractable (sm or ab),PARTLY LEAKY,47451,8530,15,15,0,0.6617819460726846,0.3208299080054805,gastric adenocarcinoma
F4 OT tractable (sm or ab),PARTLY LEAKY,47462,3702,14,14,0,0.6821988114532684,0.4394561512240471,irritable bowel syndrome
F4 OT tractable (sm or ab),PARTLY LEAKY,47468,4596,2,2,0,0.29949956483899043,0.7006965607313888,leukemia
F4 OT tractable (sm or ab),PARTLY LEAKY,47470,4529,5,5,0,0.0995804813424597,0.7110963748894783,lymphoma
F4 OT tractable (sm or ab),PARTLY LEAKY,47473,6361,1,1,0,0.7475239742178903,0.25251572327044025,metabolic disease
F4 OT tractable (sm or ab),PARTLY LEAKY,47493,6878,1,1,0,0.14800814190171563,0.8521157481459939,skin disorder
F4 OT tractable (sm or ab),PARTLY LEAKY,47499,2644,15,15,0,0.22087745839636913,0.6547736782046405,systemic sclerosis
F4 OT tractable (sm or ab),PARTLY LEAKY,47537,9435,68,68,1,0.9004239533651298,0.24246415764982196,type 2 diabetes mellitus
F4 OT tractable (sm or ab),PARTLY LEAKY,47542,2447,8,8,0,0.5124642419288925,0.5105576055760558,cirrhosis of liver
F4 OT tractable (sm or ab),PARTLY LEAKY,47604,8455,54,54,6,0.19503252513305736,0.6743817975814167,non-small cell lung carcinoma
F4 OT tractable (sm or ab),PARTLY LEAKY,47611,3478,2,2,0,0.7131972397929844,0.28682393555811275,peripheral neuropathy
F4 OT tractable (sm or ab),PARTLY LEAKY,47614,3253,1,1,0,0.24930833077159545,0.7509225092250923,pneumonia
F4 OT tractable (sm or ab),PARTLY LEAKY,47623,6814,3,3,1,0.030965658937481655,0.829736211031175,autism spectrum disorder
F4 OT tractable (sm or ab),PARTLY LEAKY,47624,7031,6,6,0,0.3243493101976959,0.6661209964412811,autism
F4 OT tractable (sm or ab),PARTLY LEAKY,47631,5365,13,13,0,0.5427772600186394,0.5582672185811199,allergic disease
F4 OT tractable (sm or ab),PARTLY LEAKY,47633,2097,1,1,0,0.12875536480686695,0.8716603053435115,lung disorder
F4 OT tractable (sm or ab),PARTLY LEAKY,47654,4014,11,11,0,0.2760338814150473,0.6733586174005859,chronic kidney disease
F4 OT tractable (sm or ab),PARTLY LEAKY,47655,6485,50,50,0,0.6146491904394757,0.40863403263403264,multiple sclerosis
F4 OT tractable (sm or ab),PARTLY LEAKY,47662,6317,1,1,1,0.004749089757796423,0.9954084863837872,atrial flutter
F4 OT tractable (sm or ab),PARTLY LEAKY,47663,3596,3,3,0,0.36484983314794217,0.5712032656090547,atherosclerosis
F4 OT tractable (sm or ab),PARTLY LEAKY,47684,6853,12,12,0,0.7353713702028308,0.3723870779125859,open-angle glaucoma
F4 OT tractable (sm or ab),PARTLY LEAKY,47686,2826,3,3,0,0.5856334041047417,0.4801039083717086,IgA glomerulonephritis
F4 OT tractable (sm or ab),PARTLY LEAKY,47700,4523,12,12,0,0.26520008843687815,0.6771780093105741,erectile dysfunction
F4 OT tractable (sm or ab),PARTLY LEAKY,47703,3909,2,2,0,0.4887439242773088,0.5113898131558741,carcinoid tumor
F4 OT tractable (sm or ab),PARTLY LEAKY,47710,3582,1,1,0,0.6758793969849246,0.32421111421390675,bone disorder
F4 OT tractable (sm or ab),PARTLY LEAKY,47712,1640,15,15,8,0.029878048780487804,0.8923076923076924,focal epilepsy
F4 OT tractable (sm or ab),PARTLY LEAKY,47714,3992,1,1,0,0.08992985971943888,0.91029817088449,peripheral arterial disease
F4 OT tractable (sm or ab),PARTLY LEAKY,47724,5989,2,2,2,0.001252295875772249,0.9989978286286955,venous thromboembolism
F4 OT tractable (sm or ab),PARTLY LEAKY,47727,3210,26,26,0,0.42492211838006233,0.5498405488983379,lymphoid leukemia
F4 OT tractable (sm or ab),PARTLY LEAKY,47734,4965,18,18,0,0.17895266868076537,0.6885430002470633,duodenal ulcer
F4 OT tractable (sm or ab),PARTLY LEAKY,47774,5920,5,5,0,0.24121621621621622,0.6584277261200339,hypotensive disorder
F4 OT tractable (sm or ab),PARTLY LEAKY,47863,2804,40,40,0,0.355206847360913,0.6651139652677279,neurodegenerative disease
F4 OT tractable (sm or ab),PARTLY LEAKY,47928,1240,2,2,0,0.5330645161290323,0.4672859450726979,atopic conjunctivitis
F4 OT tractable (sm or ab),PARTLY LEAKY,48080,3110,1,1,0,0.03472668810289389,0.9655837889996783,hyperprolactinemia
F4 OT tractable (sm or ab),PARTLY LEAKY,48413,6097,1,1,0,0.04789240610136133,0.952263779527559,atypical endometrial hyperplasia
F4 OT tractable (sm or ab),PARTLY LEAKY,48537,8398,1,1,1,0.0015479876160990713,0.998570918185066,HER2 positive breast carcinoma
F4 OT tractable (sm or ab),PARTLY LEAKY,48773,5280,1,1,0,0.22121212121212122,0.7789354044326577,exanthem
F4 OT tractable (sm or ab),PARTLY LEAKY,48841,4089,3,3,0,0.5324040107605772,0.5401370533529124,overactive bladder
F4 OT tractable (sm or ab),PARTLY LEAKY,48843,5100,7,7,0,0.3772549019607843,0.6110628032874253,diabetic neuropathy
F4 OT tractable (sm or ab),PARTLY LEAKY,48850,6644,2,2,0,0.8166014449127033,0.18337850045167117,adrenal cortex carcinoma
F4 OT tractable (sm or ab),PARTLY LEAKY,48852,3784,5,5,0,0.5436046511627907,0.46112728234982797,adrenal gland hyperfunction
F4 OT tractable (sm or ab),PARTLY LEAKY,49644,6188,2,2,0,0.20895281189398837,0.7912221144519883,obstructive sleep apnea syndrome
F4 OT tractable (sm or ab),PARTLY LEAKY,49670,5134,9,9,0,0.5788858589793533,0.4998373983739837,gastroesophageal reflux disease
F4 OT tractable (sm or ab),PARTLY LEAKY,49673,1811,9,9,0,0.47377139701822196,0.4428412874583796,Behcet disease
F4 OT tractable (sm or ab),PARTLY LEAKY,49721,6362,47,47,2,0.21031122288588494,0.6618352116709624,breast cancer
F4 OT tractable (sm or ab),PARTLY LEAKY,50002,3768,7,7,2,0.04617834394904458,0.8718046112356136,Tourette syndrome
F4 OT tractable (sm or ab),PARTLY LEAKY,50730,7339,1,1,0,0.19048916746150701,0.80962115017716,systemic lupus erythematosus
F4 OT tractable (sm or ab),PARTLY LEAKY,51394,6232,18,18,3,0.1868581514762516,0.7276937381539892,rheumatoid arthritis
F4 OT tractable (sm or ab),PARTLY LEAKY,51431,8399,5,5,0,0.045838790332182404,0.93690731474863,small cell lung carcinoma
F4 OT tractable (sm or ab),PARTLY LEAKY,52236,4680,6,6,0,0.16367521367521368,0.8147197261446298,lung cancer
F4 OT tractable (sm or ab),PARTLY LEAKY,53272,8593,59,59,0,0.7594553706505295,0.40925033663948396,plasma cell myeloma
F4 OT tractable (sm or ab),PARTLY LEAKY,53819,3296,4,4,0,0.4848300970873787,0.48025516403402185,malignant pancreatic neoplasm
F4 OT tractable (sm or ab),PARTLY LEAKY,53871,4956,5,5,2,0.012510088781275222,0.9907493435669562,acquired polycythemia vera
F5 has_approved_drug,CIRCULAR,28302,354,2,2,2,0.00847457627118644,0.9957386363636364,Sjogren syndrome
F5 has_approved_drug,CIRCULAR,36637,571,2,3,1,0.36427320490367776,0.6370826010544816,gastric cancer
F5 has_approved_drug,CIRCULAR,37110,468,1,1,1,0.049145299145299144,0.9528907922912205,kidney failure
F5 has_approved_drug,CIRCULAR,37143,750,33,34,7,0.33866666666666667,0.692151641942437,obesity disorder
F5 has_approved_drug,CIRCULAR,37230,431,5,5,0,0.4802784222737819,0.5103286384976525,gastric ulcer
F5 has_approved_drug,CIRCULAR,37461,666,11,11,8,0.03153153153153153,0.9566967383761277,gastrointestinal stromal tumor
F5 has_approved_drug,CIRCULAR,37525,584,11,11,5,0.10616438356164383,0.8019990480723465,psoriatic arthritis
F5 has_approved_drug,CIRCULAR,37861,634,1,1,1,0.00946372239747634,0.9921011058451816,cholelithiasis
F5 has_approved_drug,CIRCULAR,38232,659,27,27,6,0.15781487101669195,0.8060829817158931,insomnia
F5 has_approved_drug,CIRCULAR,38404,309,3,3,1,0.21035598705501618,0.7603485838779956,esophagitis
F5 has_approved_drug,CIRCULAR,38912,478,27,27,8,0.18410041841004185,0.8281185842161451,medullary thyroid gland carcinoma
F5 has_approved_drug,CIRCULAR,39167,459,3,3,0,0.17647058823529413,0.8245614035087719,primary peritoneal carcinoma
F5 has_approved_drug,CIRCULAR,39191,428,2,2,1,0.1542056074766355,0.8485915492957746,leiomyoma
F5 has_approved_drug,CIRCULAR,39310,603,1,1,0,0.19900497512437812,0.8023255813953488,choreatic disease
F5 has_approved_drug,CIRCULAR,39510,638,9,9,1,0.10501567398119123,0.8593888005652711,dementia
F5 has_approved_drug,CIRCULAR,39719,459,1,1,0,0.1830065359477124,0.8187772925764192,brain cancer
F5 has_approved_drug,CIRCULAR,39833,650,1,1,0,0.4753846153846154,0.5254237288135594,diarrheal disease
F5 has_approved_drug,CIRCULAR,40170,289,2,2,1,0.3477508650519031,0.6550522648083623,osteopetrosis
F5 has_approved_drug,CIRCULAR,40442,458,3,3,1,0.2292576419213974,0.8095238095238095,marginal zone lymphoma
F5 has_approved_drug,CIRCULAR,40787,381,17,17,2,0.1732283464566929,0.8023594053005818,infantile spasms
F5 has_approved_drug,CIRCULAR,40953,396,1,1,1,0.11363636363636363,0.8886075949367088,amenorrhea
F5 has_approved_drug,CIRCULAR,41287,640,20,21,1,0.64453125,0.42370967741935484,myelodysplastic syndrome
F5 has_approved_drug,CIRCULAR,41324,461,1,1,0,0.6052060737527115,0.39565217391304347,hairy cell leukemia
F5 has_approved_drug,CIRCULAR,41400,296,40,40,4,0.34628378378378377,0.6916015625,neuromuscular disease
F5 has_approved_drug,CIRCULAR,41402,271,1,1,0,0.46863468634686345,0.5333333333333333,amyloidosis
F5 has_approved_drug,CIRCULAR,41562,524,3,3,0,0.5114503816793893,0.4798464491362764,hyperpigmentation of the skin
F5 has_approved_drug,CIRCULAR,41590,246,1,1,0,0.6666666666666666,0.3346938775510204,sarcoidosis
F5 has_approved_drug,CIRCULAR,41712,583,12,12,4,0.21269296740994853,0.752918855808523,neuroendocrine neoplasm
F5 has_approved_drug,CIRCULAR,42001,680,1,1,0,0.09558823529411764,0.9057437407952872,pancreatic neuroendocrine tumor
F5 has_approved_drug,CIRCULAR,42106,436,2,2,2,0.026376146788990827,0.9769585253456221,anaplastic large cell lymphoma
F5 has_approved_drug,CIRCULAR,42432,550,3,3,1,0.13818181818181818,0.684338817794028,basal cell carcinoma
F5 has_approved_drug,CIRCULAR,42504,499,19,19,0,0.6372745490981964,0.4074561403508772,pancreatic neoplasm
F5 has_approved_drug,CIRCULAR,42523,714,20,20,0,0.7485994397759104,0.29430835734870314,ovarian neoplasm
F5 has_approved_drug,CIRCULAR,42550,386,29,33,5,0.5906735751295337,0.4586110306191442,breast neoplasm
F5 has_approved_drug,CIRCULAR,42560,264,3,3,0,0.6742424242424242,0.36015325670498083,respiratory failure
F5 has_approved_drug,CIRCULAR,42571,361,2,2,0,0.3254847645429363,0.6768802228412256,female infertility
F5 has_approved_drug,CIRCULAR,42601,597,1,1,0,0.4154103852596315,0.5855704697986577,injury
F5 has_approved_drug,CIRCULAR,42603,307,27,27,4,0.3517915309446254,0.6534391534391535,urinary system disorder
F5 has_approved_drug,CIRCULAR,42790,202,2,2,2,0.06188118811881188,0.945,hypogonadism
F5 has_approved_drug,CIRCULAR,42877,500,1,1,0,0.346,0.655310621242485,non-autoimmune hemolytic anemia
F5 has_approved_drug,CIRCULAR,42902,316,2,3,2,0.056962025316455694,0.947452229299363,low grade glioma
F5 has_approved_drug,CIRCULAR,42934,253,1,1,0,0.3715415019762846,0.6309523809523809,gram-negative bacterial infections
F5 has_approved_drug,CIRCULAR,42940,691,1,1,0,0.5890014471780028,0.4115942028985507,rectum adenocarcinoma
F5 has_approved_drug,CIRCULAR,43040,684,1,2,0,0.2807017543859649,0.7203513909224012,constipation disorder
F5 has_approved_drug,CIRCULAR,43284,654,22,23,2,0.5902140672782874,0.48014959723820483,anemia
F5 has_approved_drug,CIRCULAR,43632,156,1,1,0,0.5833333333333334,0.41935483870967744,synovitis
F5 has_approved_drug,CIRCULAR,43861,634,2,2,0,0.5465299684542586,0.4541139240506329,myocardial ischemia
F5 has_approved_drug,CIRCULAR,43885,281,2,2,0,0.5106761565836299,0.4910394265232975,pancreatic insulinoma
F5 has_approved_drug,CIRCULAR,44220,176,1,1,0,0.7386363636363636,0.26285714285714284,liver cancer
F5 has_approved_drug,CIRCULAR,44406,521,1,1,0,0.12092130518234165,0.8807692307692307,skin cancer
F5 has_approved_drug,CIRCULAR,44410,659,6,6,0,0.6115326251896813,0.40837161817253703,poisoning
F5 has_approved_drug,CIRCULAR,44543,340,3,3,0,0.38235294117647056,0.655786350148368,hyperaldosteronism
F5 has_approved_drug,CIRCULAR,44942,414,1,1,1,0.007246376811594203,0.9951573849878934,hypophosphatemia
F5 has_approved_drug,CIRCULAR,45022,672,15,15,0,0.6011904761904762,0.33353627600202945,gastroesophageal junction adenocarcinoma
F5 has_approved_drug,CIRCULAR,45864,536,1,1,0,0.2891791044776119,0.7121495327102804,esophageal disorder
F5 has_approved_drug,CIRCULAR,45933,450,1,2,0,0.5355555555555556,0.46547884187082406,conjunctivitis
F5 has_approved_drug,CIRCULAR,46121,330,2,2,0,0.5909090909090909,0.4100609756097561,small cell carcinoma
F5 has_approved_drug,CIRCULAR,46370,304,5,5,0,0.6480263157894737,0.44013377926421404,peptic ulcer disease
F5 has_approved_drug,CIRCULAR,46535,349,1,1,1,0.08022922636103152,0.9224137931034483,lymphoplasmacytic lymphoma
F5 has_approved_drug,CIRCULAR,46674,463,28,28,0,0.5701943844492441,0.4524630541871921,spinal cord injury
F5 has_approved_drug,CIRCULAR,46932,482,5,7,5,0.05394190871369295,0.960167714884696,myelofibrosis
F5 has_approved_drug,CIRCULAR,46953,229,1,1,0,0.4585152838427948,0.543859649122807,mitochondrial disease
F5 has_approved_drug,CIRCULAR,47275,137,0,1,0,,,bronchiectasis
F5 has_approved_drug,CIRCULAR,47354,417,4,4,2,0.1474820143884892,0.673728813559322,alopecia
F5 has_approved_drug,CIRCULAR,47383,566,1,1,0,0.24028268551236748,0.7610619469026548,neoplasm of mature B-cells
F5 has_approved_drug,CIRCULAR,47387,668,1,1,0,0.6781437125748503,0.32233883058470764,Hodgkins lymphoma
F5 has_approved_drug,CIRCULAR,47396,531,12,12,1,0.17325800376647835,0.7933526011560693,"peripheral T-cell lymphoma, not otherwise specified"
F5 has_approved_drug,CIRCULAR,47398,641,32,33,6,0.1684867394695788,0.8020320197044335,acute lymphoblastic leukemia
F5 has_approved_drug,CIRCULAR,47407,694,27,27,0,0.3357348703170029,0.6320173246709978,asthma
F5 has_approved_drug,CIRCULAR,47408,604,12,12,4,0.1730132450331126,0.8344594594594594,atopic eczema
F5 has_approved_drug,CIRCULAR,47412,695,5,5,4,0.06618705035971223,0.9350724637681159,urinary bladder carcinoma
F5 has_approved_drug,CIRCULAR,47415,728,24,25,5,0.5254120879120879,0.5376716382575758,breast carcinoma
F5 has_approved_drug,CIRCULAR,47420,597,1,1,0,0.6164154103852596,0.38422818791946306,cardiomyopathy
F5 has_approved_drug,CIRCULAR,47421,689,119,134,30,0.22060957910014514,0.7412354415450391,cardiovascular disorder
F5 has_approved_drug,CIRCULAR,47434,644,28,35,1,0.3548136645962733,0.5859809833024119,congestive heart failure
F5 has_approved_drug,CIRCULAR,47437,757,77,81,33,0.09247027741083223,0.7952826585179527,diabetes mellitus
F5 has_approved_drug,CIRCULAR,47444,570,93,93,30,0.16842105263157894,0.73950091296409,epilepsy
F5 has_approved_drug,CIRCULAR,47451,688,15,15,0,0.6366279069767442,0.32085190688459636,gastric adenocarcinoma
F5 has_approved_drug,CIRCULAR,47462,371,13,14,1,0.6361185983827493,0.47120756338633435,irritable bowel syndrome
F5 has_approved_drug,CIRCULAR,47468,463,2,2,0,0.4697624190064795,0.5314533622559653,leukemia
F5 has_approved_drug,CIRCULAR,47470,393,5,5,2,0.18829516539440203,0.6701030927835051,lymphoma
F5 has_approved_drug,CIRCULAR,47473,613,1,1,0,0.6427406199021207,0.35784313725490197,metabolic disease
F5 has_approved_drug,CIRCULAR,47493,610,1,1,0,0.17868852459016393,0.8226600985221675,skin disorder
F5 has_approved_drug,CIRCULAR,47499,260,15,15,6,0.28076923076923077,0.6468027210884354,systemic sclerosis
F5 has_approved_drug,CIRCULAR,47537,753,68,68,2,0.9229747675962815,0.17322885358522971,type 2 diabetes mellitus
F5 has_approved_drug,CIRCULAR,47542,277,8,8,0,0.4729241877256318,0.5390334572490706,cirrhosis of liver
F5 has_approved_drug,CIRCULAR,47604,703,51,54,9,0.23186344238975817,0.6553590761457957,non-small cell lung carcinoma
F5 has_approved_drug,CIRCULAR,47611,423,2,2,0,0.6690307328605201,0.331353919239905,peripheral neuropathy
F5 has_approved_drug,CIRCULAR,47614,399,1,1,0,0.2631578947368421,0.7386934673366834,pneumonia
F5 has_approved_drug,CIRCULAR,47623,660,3,3,1,0.10606060606060606,0.7620497209538305,autism spectrum disorder
F5 has_approved_drug,CIRCULAR,47624,701,6,6,0,0.48573466476462196,0.5302158273381294,autism
F5 has_approved_drug,CIRCULAR,47631,473,13,13,1,0.4989429175475687,0.584113712374582,allergic disease
F5 has_approved_drug,CIRCULAR,47633,218,0,1,0,,,lung disorder
F5 has_approved_drug,CIRCULAR,47654,556,11,11,2,0.22122302158273383,0.7359466221851543,chronic kidney disease
F5 has_approved_drug,CIRCULAR,47655,677,50,50,0,0.5539143279172821,0.4571610845295056,multiple sclerosis
F5 has_approved_drug,CIRCULAR,47662,594,1,1,1,0.013468013468013467,0.9881956155143339,atrial flutter
F5 has_approved_drug,CIRCULAR,47663,495,3,3,0,0.4383838383838384,0.5345528455284553,atherosclerosis
F5 has_approved_drug,CIRCULAR,47684,603,12,12,0,0.6509121061359867,0.42442188381274676,open-angle glaucoma
F5 has_approved_drug,CIRCULAR,47686,270,3,3,0,0.5518518518518518,0.5081148564294632,IgA glomerulonephritis
F5 has_approved_drug,CIRCULAR,47700,442,12,12,1,0.31221719457013575,0.6476744186046511,erectile dysfunction
F5 has_approved_drug,CIRCULAR,47703,407,2,2,0,0.5061425061425062,0.49506172839506174,carcinoid tumor
F5 has_approved_drug,CIRCULAR,47710,415,1,1,0,0.7204819277108434,0.28019323671497587,bone disorder
F5 has_approved_drug,CIRCULAR,47712,266,15,15,11,0.045112781954887216,0.8749003984063745,focal epilepsy
F5 has_approved_drug,CIRCULAR,47714,463,1,1,0,0.12311015118790497,0.8787878787878788,peripheral arterial disease
F5 has_approved_drug,CIRCULAR,47724,550,2,2,2,0.004545454545454545,0.9981751824817519,venous thromboembolism
F5 has_approved_drug,CIRCULAR,47727,395,26,26,3,0.5531645569620254,0.4536168438607463,lymphoid leukemia
F5 has_approved_drug,CIRCULAR,47734,486,18,18,3,0.2788065843621399,0.6669040835707503,duodenal ulcer
F5 has_approved_drug,CIRCULAR,47774,604,5,5,0,0.3294701986754967,0.5863105175292154,hypotensive disorder
F5 has_approved_drug,CIRCULAR,47863,260,40,40,7,0.30192307692307696,0.7507954545454546,neurodegenerative disease
F5 has_approved_drug,CIRCULAR,47928,170,2,2,2,0.16764705882352943,0.8392857142857143,atopic conjunctivitis
F5 has_approved_drug,CIRCULAR,48080,387,1,1,1,0.09819121447028424,0.9041450777202072,hyperprolactinemia
F5 has_approved_drug,CIRCULAR,48413,562,1,1,0,0.13345195729537365,0.8680926916221033,atypical endometrial hyperplasia
F5 has_approved_drug,CIRCULAR,48537,694,1,1,1,0.005763688760806916,0.9956709956709957,HER2 positive breast carcinoma
F5 has_approved_drug,CIRCULAR,48773,497,1,1,0,0.2575452716297787,0.7439516129032258,exanthem
F5 has_approved_drug,CIRCULAR,48841,453,3,3,0,0.6445916114790287,0.42518518518518517,overactive bladder
F5 has_approved_drug,CIRCULAR,48843,556,7,7,0,0.44064748201438847,0.5547749154306532,diabetic neuropathy
F5 has_approved_drug,CIRCULAR,48850,637,2,2,0,0.8524332810047095,0.14724409448818898,adrenal cortex carcinoma
F5 has_approved_drug,CIRCULAR,48852,448,5,5,0,0.6116071428571429,0.39954853273137697,adrenal gland hyperfunction
F5 has_approved_drug,CIRCULAR,49644,675,2,2,0,0.3237037037037037,0.6775631500742942,obstructive sleep apnea syndrome
F5 has_approved_drug,CIRCULAR,49670,564,9,9,1,0.6117021276595744,0.46386386386386386,gastroesophageal reflux disease
F5 has_approved_drug,CIRCULAR,49673,231,9,9,0,0.4025974025974026,0.516016016016016,Behcet disease
F5 has_approved_drug,CIRCULAR,49721,624,43,47,10,0.36217948717948717,0.6279870311812032,breast cancer
F5 has_approved_drug,CIRCULAR,50002,522,7,7,3,0.15134099616858238,0.8027739251040222,Tourette syndrome
F5 has_approved_drug,CIRCULAR,50730,658,1,1,0,0.24164133738601823,0.7595129375951294,systemic lupus erythematosus
F5 has_approved_drug,CIRCULAR,51394,590,15,18,5,0.29322033898305083,0.7027246376811594,rheumatoid arthritis
F5 has_approved_drug,CIRCULAR,51431,683,5,5,2,0.1273792093704246,0.8823008849557522,small cell lung carcinoma
F5 has_approved_drug,CIRCULAR,52236,573,6,6,2,0.23298429319371727,0.7633744855967078,lung cancer
F5 has_approved_drug,CIRCULAR,53272,701,59,59,2,0.7774607703281027,0.36089550662653785,plasma cell myeloma
F5 has_approved_drug,CIRCULAR,53819,393,4,4,0,0.5267175572519084,0.4466580976863753,malignant pancreatic neoplasm
F5 has_approved_drug,CIRCULAR,53871,475,5,5,5,0.05263157894736842,0.9642553191489361,acquired polycythemia vera
