arm,block,block_rank,rank_in_subtype,gene,model_score,target_class,druggability,small_molecule_tractable,antibody_tractable,some_drug_already_hits_this_gene,documented_safety_liability,liability_detail,why_the_model_ranked_it,REVIEW_plausible_1to5,REVIEW_already_known_to_you,REVIEW_worth_pursuing,REVIEW_comment
Luminal A (HR+/HER2-),A. known target - sanity anchor,1,6,AKT1,0.9559,Enzyme,Enzyme,True,True,False,True,apoptototic cell death in cancer cells|heart disease|hyperglycemia|regulation of catalytic activity,"ppi_multi_source_frac (+1.09), dwpc_GBGD (+1.05)",,,,
Luminal A (HR+/HER2-),A. known target - sanity anchor,2,7,BLM,0.9559,Enzyme,Enzyme,True,False,False,False,,"ppi_adamic_adar (+1.07), ppi_multi_source_frac (+0.94)",,,,
Luminal A (HR+/HER2-),A. known target - sanity anchor,3,8,PIK3R1,0.9558,Enzyme,Enzyme,True,True,False,True,hyperglycemia|leukopenia,"ppi_multi_source_frac (+1.27), ppi_adamic_adar (+0.78)",,,,
Luminal A (HR+/HER2-),A. known target - sanity anchor,4,14,PIK3CA,0.9419,Enzyme,Enzyme,True,True,True,True,No significant results|drug toxicity|heart disease|regulation of catalytic activity,"gene_n_pathways (-1.01), ppi_multi_source_frac (+0.93)",,,,
Luminal A (HR+/HER2-),A. known target - sanity anchor,5,15,ESR1,0.9417,Transcription factor,Transcription factor,True,True,True,True,"Altered, Larval development|Altered, Reproductive behaviour|Decrease, Population growth rate|Decreased sperm quantity /","ppi_multi_source_frac (+0.98), ppi_adamic_adar (+0.89)",,,,
Luminal A (HR+/HER2-),A. known target - sanity anchor,6,19,CTNNB1,0.9365,Unclassified protein,Unclassified protein,True,True,False,True,"neutropenia|response to cyclophosphamide, dexamethasone, and thalidomide|response to thalidomide","ppi_multi_source_frac (+1.05), ppi_adamic_adar (+0.80)",,,,
Luminal A (HR+/HER2-),A. known target - sanity anchor,7,22,RUNX1,0.9347,Transcription factor,Transcription factor,True,False,False,False,,"ppi_adamic_adar (+0.67), dwpc_GBGD (+0.62)",,,,
Luminal A (HR+/HER2-),A. known target - sanity anchor,8,23,FGFR2,0.9331,Enzyme,Enzyme,True,True,True,False,,"dwpc_GBGD (+0.77), ppi_adamic_adar (+0.77)",,,,
Luminal A (HR+/HER2-),A. known target - sanity anchor,9,27,TP53,0.9287,Transcription factor,Transcription factor,True,False,False,True,"Tumorigenesis, Hepatocellular carcinoma|drug toxicity|neutropenia|regulation of transcription factor activity","ppi_multi_source_frac (+1.44), dwpc_GBGD (+0.68)",,,,
Luminal A (HR+/HER2-),A. known target - sanity anchor,10,34,JAK2,0.9147,Enzyme,Enzyme,True,True,True,True,heart disease|regulation of catalytic activity,"ppi_multi_source_frac (+1.33), ppi_evidence_depth (-0.58)",,,,
Luminal A (HR+/HER2-),B. NOVEL candidate - please assess,1,1,EP300,0.9772,Epigenetic regulator,Epigenetic regulator,True,False,False,False,,"ppi_multi_source_frac (+1.36), ppi_adamic_adar (+1.03)",,,,
Luminal A (HR+/HER2-),B. NOVEL candidate - please assess,2,2,WRN,0.9716,Enzyme,Enzyme,True,False,False,False,,"dwpc_GBGD (+0.99), dwpc_GPGD (+0.89)",,,,
Luminal A (HR+/HER2-),B. NOVEL candidate - please assess,3,3,STAT3,0.9706,Transcription factor,Transcription factor,True,True,False,True,regulation of transcription factor activity,"ppi_adamic_adar (+1.06), ppi_multi_source_frac (+1.05)",,,,
Luminal A (HR+/HER2-),B. NOVEL candidate - please assess,4,4,MSH2,0.9652,Unclassified protein,Unclassified protein,True,False,False,False,,"ppi_adamic_adar (+1.05), ppi_multi_source_frac (+0.71)",,,,
Luminal A (HR+/HER2-),B. NOVEL candidate - please assess,5,5,MRE11,0.962,Enzyme,Enzyme,True,False,False,False,,"dwpc_GBGD (+1.20), ppi_adamic_adar (+0.84)",,,,
Luminal A (HR+/HER2-),B. NOVEL candidate - please assess,6,9,ATM,0.9528,Enzyme,Enzyme,True,False,False,True,Ataxia|diabetes|growth retardation|immunodeficiency|nausea|+5 more,"ppi_adamic_adar (+0.97), ppi_multi_source_frac (+0.96)",,,,
Luminal A (HR+/HER2-),B. NOVEL candidate - please assess,7,10,GAB2,0.9511,,membrane / cell-surface,True,True,False,False,,"dwpc_GFGD (+0.75), ppi_adamic_adar (+0.70)",,,,
Luminal A (HR+/HER2-),B. NOVEL candidate - please assess,8,11,FGFR1,0.9458,Enzyme,Enzyme,True,True,True,True,AST elevations|Hyperphosphataemia|Hypoglycaemia|anaemia|decreased food intake|+9 more,"ppi_multi_source_frac (+1.29), ppi_adamic_adar (+0.89)",,,,
Luminal A (HR+/HER2-),B. NOVEL candidate - please assess,9,12,NBN,0.9439,Unclassified protein,Unclassified protein,True,False,False,False,,"dwpc_GBGD (+1.32), dwpc_GPGD (+0.79)",,,,
Luminal A (HR+/HER2-),B. NOVEL candidate - please assess,10,13,MET,0.943,Enzyme,Enzyme,True,True,True,True,regulation of catalytic activity,"ppi_adamic_adar (+0.94), ppi_multi_source_frac (+0.67)",,,,
Luminal A (HR+/HER2-),B. NOVEL candidate - please assess,11,16,ERBB4,0.9389,Enzyme,Enzyme,True,True,True,False,,"ppi_multi_source_frac (+1.65), ppi_adamic_adar (+0.70)",,,,
Luminal A (HR+/HER2-),B. NOVEL candidate - please assess,12,17,SMAD4,0.9381,Unclassified protein,Unclassified protein,True,False,False,False,,"ppi_multi_source_frac (+0.89), ppi_adamic_adar (+0.76)",,,,
Luminal A (HR+/HER2-),B. NOVEL candidate - please assess,13,18,SMAD3,0.9373,Transcription factor,Transcription factor,True,True,False,False,,"ppi_multi_source_frac (+1.11), ppi_adamic_adar (+0.90)",,,,
Luminal A (HR+/HER2-),B. NOVEL candidate - please assess,14,20,NOTCH1,0.9349,Membrane receptor,membrane / cell-surface,True,True,False,False,,"dwpc_GBGD (+0.74), ppi_adamic_adar (+0.72)",,,,
Luminal A (HR+/HER2-),B. NOVEL candidate - please assess,15,21,BARD1,0.9348,,intracellular,True,False,False,False,,"ppi_adamic_adar (+0.92), dwpc_GBGD (+0.84)",,,,
Luminal A (HR+/HER2-),B. NOVEL candidate - please assess,16,24,YAP1,0.9319,Unclassified protein,Unclassified protein,True,True,False,False,,"ppi_multi_source_frac (+1.36), ppi_evidence_depth (-0.75)",,,,
Luminal A (HR+/HER2-),B. NOVEL candidate - please assess,17,25,AR,0.9297,Transcription factor,Transcription factor,True,True,True,True,"Decrease, Population growth rate|Impaired recruitment , Population trajectory|Increase, Leydig cell tumors|Increase, hep","ppi_adamic_adar (+0.89), ppi_multi_source_frac (+0.81)",,,,
Luminal A (HR+/HER2-),B. NOVEL candidate - please assess,18,26,HRAS,0.9296,Other cytosolic protein,Other cytosolic protein,True,True,False,False,,"ppi_multi_source_frac (+1.19), ppi_adamic_adar (+0.97)",,,,
Luminal A (HR+/HER2-),B. NOVEL candidate - please assess,19,28,THRA,0.9271,Transcription factor,Transcription factor,True,False,True,True,receptor binding|regulation of transcription factor activity,"ppi_adamic_adar (+0.93), dwpc_GPGD (+0.47)",,,,
Luminal A (HR+/HER2-),B. NOVEL candidate - please assess,20,29,KRAS,0.9224,Enzyme,Enzyme,True,True,True,False,,"ppi_adamic_adar (+0.74), gene_ppi_degree (+0.64)",,,,
HER2-positive,A. known target - sanity anchor,1,1,EP300,0.9969,Epigenetic regulator,Epigenetic regulator,True,False,False,False,,"dwpc_GBGD (+1.42), ppi_adamic_adar (+1.13)",,,,
HER2-positive,A. known target - sanity anchor,2,2,TP53,0.9964,Transcription factor,Transcription factor,True,False,False,True,"Tumorigenesis, Hepatocellular carcinoma|drug toxicity|neutropenia|regulation of transcription factor activity","ppi_adamic_adar (+1.34), dwpc_GBGD (+1.26)",,,,
HER2-positive,A. known target - sanity anchor,3,3,PIK3R1,0.9958,Enzyme,Enzyme,True,True,False,True,hyperglycemia|leukopenia,"ppi_adamic_adar (+1.27), dwpc_GBGD (+1.15)",,,,
HER2-positive,A. known target - sanity anchor,4,4,JAK2,0.9955,Enzyme,Enzyme,True,True,True,True,heart disease|regulation of catalytic activity,"dwpc_GBGD (+1.47), ppi_multi_source_frac (+1.10)",,,,
HER2-positive,A. known target - sanity anchor,5,5,KRAS,0.9952,Enzyme,Enzyme,True,True,True,False,,"ppi_adamic_adar (+1.07), ppi_common_neighbors_z (+0.87)",,,,
HER2-positive,A. known target - sanity anchor,6,6,CREBBP,0.9947,Epigenetic regulator,Epigenetic regulator,True,False,False,False,,"ppi_multi_source_frac (+1.32), ppi_adamic_adar (+1.24)",,,,
HER2-positive,A. known target - sanity anchor,7,7,PIK3CA,0.9945,Enzyme,Enzyme,True,True,True,True,No significant results|drug toxicity|heart disease|regulation of catalytic activity,"dwpc_GBGD (+1.15), ppi_multi_source_frac (+1.02)",,,,
HER2-positive,A. known target - sanity anchor,8,8,SMAD3,0.9943,Transcription factor,Transcription factor,True,True,False,False,,"ppi_adamic_adar (+1.49), dwpc_GBGD (+1.42)",,,,
HER2-positive,A. known target - sanity anchor,9,10,AKT1,0.9939,Enzyme,Enzyme,True,True,False,True,apoptototic cell death in cancer cells|heart disease|hyperglycemia|regulation of catalytic activity,"dwpc_GBGD (+1.50), ppi_adamic_adar (+1.41)",,,,
HER2-positive,A. known target - sanity anchor,10,11,CTNNB1,0.9938,Unclassified protein,Unclassified protein,True,True,False,True,"neutropenia|response to cyclophosphamide, dexamethasone, and thalidomide|response to thalidomide","dwpc_GBGD (+1.52), ppi_adamic_adar (+1.26)",,,,
HER2-positive,B. NOVEL candidate - please assess,1,9,HRAS,0.9943,Other cytosolic protein,Other cytosolic protein,True,True,False,False,,"dwpc_GBGD (+1.24), ppi_adamic_adar (+1.13)",,,,
HER2-positive,B. NOVEL candidate - please assess,2,25,NRAS,0.9905,Enzyme,Enzyme,True,True,False,False,,"ppi_adamic_adar (+1.26), ppi_multi_source_frac (+1.10)",,,,
HER2-positive,B. NOVEL candidate - please assess,3,42,STAT1,0.9878,Transcription factor,Transcription factor,True,False,False,False,,"ppi_adamic_adar (+1.22), ppi_multi_source_frac (+1.06)",,,,
HER2-positive,B. NOVEL candidate - please assess,4,49,SMARCA2,0.9866,Epigenetic regulator,Epigenetic regulator,True,False,False,False,,"ppi_adamic_adar (+1.26), dwpc_GBGD (+1.19)",,,,
HER2-positive,B. NOVEL candidate - please assess,5,58,MAPK3,0.9849,Enzyme,Enzyme,True,True,False,True,heart disease|regulation of catalytic activity,"dwpc_GBGD (+1.46), ppi_adamic_adar (+1.31)",,,,
HER2-positive,B. NOVEL candidate - please assess,6,61,PTPN6,0.9837,Enzyme,Enzyme,True,True,False,True,regulation of catalytic activity,"ppi_adamic_adar (+1.27), dwpc_GBGD (+1.10)",,,,
HER2-positive,B. NOVEL candidate - please assess,7,73,ZAP70,0.9803,Enzyme,Enzyme,True,True,False,True,cardiac arrhythmia|regulation of catalytic activity,"ppi_multi_source_frac (+1.23), ppi_adamic_adar (+1.04)",,,,
HER2-positive,B. NOVEL candidate - please assess,8,74,IRS1,0.9802,Unclassified protein,Unclassified protein,True,True,False,True,neutropenia,"ppi_adamic_adar (+1.12), ppi_multi_source_frac (+0.89)",,,,
HER2-positive,B. NOVEL candidate - please assess,9,75,IRS2,0.9802,,intracellular,False,True,False,False,,"dwpc_GBGD (+1.05), ppi_multi_source_frac (+0.99)",,,,
HER2-positive,B. NOVEL candidate - please assess,10,78,EGR1,0.9796,Transcription factor,Transcription factor,False,False,False,True,regulation of transcription factor activity,"ppi_adamic_adar (+1.06), ppi_multi_source_frac (+0.74)",,,,
HER2-positive,B. NOVEL candidate - please assess,11,88,HDAC3,0.9782,Epigenetic regulator,Epigenetic regulator,True,True,True,True,regulation of catalytic activity,"ppi_adamic_adar (+1.18), dwpc_GBGD (+0.92)",,,,
HER2-positive,B. NOVEL candidate - please assess,12,89,SMARCD2,0.9782,Unclassified protein,Unclassified protein,False,False,False,False,,"dwpc_GBGD (+1.11), ppi_adamic_adar (+0.95)",,,,
HER2-positive,B. NOVEL candidate - please assess,13,90,MRE11,0.9779,Enzyme,Enzyme,True,False,False,False,,"dwpc_GBGD (+1.21), ppi_multi_source_frac (+0.88)",,,,
HER2-positive,B. NOVEL candidate - please assess,14,93,PLCG2,0.9771,Enzyme,Enzyme,True,True,False,False,,"dwpc_GBGD (+1.11), ppi_adamic_adar (+1.03)",,,,
HER2-positive,B. NOVEL candidate - please assess,15,98,PDPK1,0.9761,Enzyme,Enzyme,True,True,False,True,heart disease,"ppi_adamic_adar (+1.17), dwpc_GBGD (+1.08)",,,,
HER2-positive,B. NOVEL candidate - please assess,16,101,GSK3A,0.9757,Enzyme,Enzyme,True,False,True,True,heart disease,"ppi_adamic_adar (+1.07), ppi_evidence_depth (+0.92)",,,,
HER2-positive,B. NOVEL candidate - please assess,17,104,JUN,0.9755,Transcription factor,Transcription factor,True,False,False,True,regulation of transcription factor activity,"gene_ppi_degree (-1.31), dwpc_GBGD (+1.08)",,,,
HER2-positive,B. NOVEL candidate - please assess,18,105,CRKL,0.9748,Unclassified protein,Unclassified protein,False,False,False,False,,"ppi_adamic_adar (+1.16), ppi_multi_source_frac (+0.95)",,,,
HER2-positive,B. NOVEL candidate - please assess,19,108,DAXX,0.9741,Unclassified protein,Unclassified protein,True,False,False,False,,"ppi_adamic_adar (+1.35), ppi_multi_source_frac (+1.29)",,,,
HER2-positive,B. NOVEL candidate - please assess,20,113,STAT5A,0.9736,Transcription factor,Transcription factor,True,False,False,False,,"dwpc_GBGD (+1.24), ppi_multi_source_frac (+0.96)",,,,
Triple-negative,A. known target - sanity anchor,1,7,CHEK2,0.7771,Enzyme,Enzyme,True,False,False,False,,"ppi_multi_source_frac (+0.59), gene_ppi_degree (+0.31)",,,,
Triple-negative,A. known target - sanity anchor,2,33,PALB2,0.5947,,intracellular,True,False,False,False,,"ppi_adamic_adar (-0.79), dwpc_GPGD (+0.73)",,,,
Triple-negative,A. known target - sanity anchor,3,107,TCF7L2,0.4586,,intracellular,True,False,False,True,Diabetes Mellitus|diabetes|diabetes mellitus|new-onset diabetes after transplantation|new-onset diabetes after transplan,"gene_n_pathways (+0.50), ppi_adamic_adar (-0.41)",,,,
Triple-negative,A. known target - sanity anchor,4,195,MRE11,0.3818,Enzyme,Enzyme,True,False,False,False,,"ppi_adamic_adar (-0.78), dwpc_GFGD (-0.45)",,,,
Triple-negative,A. known target - sanity anchor,5,238,TERT,0.3499,Enzyme,Enzyme,True,True,False,False,,"ppi_adamic_adar (-0.56), dwpc_GFGD (-0.45)",,,,
Triple-negative,A. known target - sanity anchor,6,252,BRCA1,0.3445,Enzyme,Enzyme,True,True,False,False,,"gene_ppi_degree (-0.74), gene_n_pathways (-0.52)",,,,
Triple-negative,A. known target - sanity anchor,7,262,CDKN2A,0.338,Unclassified protein,Unclassified protein,False,False,False,False,,"dwpc_GFGD (-0.44), ppi_adamic_adar (-0.43)",,,,
Triple-negative,A. known target - sanity anchor,8,371,MDM4,0.2836,Unclassified protein,Unclassified protein,True,False,False,False,,"ppi_evidence_depth (-1.18), ppi_multi_source_frac (+0.81)",,,,
Triple-negative,B. NOVEL candidate - please assess,1,1,RAD50,0.9485,Enzyme,Enzyme,False,False,False,False,,"dwpc_GBGD (+1.21), dwpc_GPGD (+0.84)",,,,
Triple-negative,B. NOVEL candidate - please assess,2,2,TP53,0.8818,Transcription factor,Transcription factor,True,False,False,True,"Tumorigenesis, Hepatocellular carcinoma|drug toxicity|neutropenia|regulation of transcription factor activity","ppi_multi_source_frac (+1.26), ppi_adamic_adar (+0.44)",,,,
Triple-negative,B. NOVEL candidate - please assess,3,3,NBN,0.8785,Unclassified protein,Unclassified protein,True,False,False,False,,"dwpc_GBGD (+1.33), dwpc_GPGD (+0.61)",,,,
Triple-negative,B. NOVEL candidate - please assess,4,4,ATM,0.8736,Enzyme,Enzyme,True,False,False,True,Ataxia|diabetes|growth retardation|immunodeficiency|nausea|+5 more,"dwpc_GBGD (+0.71), ppi_multi_source_frac (+0.62)",,,,
Triple-negative,B. NOVEL candidate - please assess,5,5,BRCA2,0.8003,,intracellular,True,False,False,False,,"ppi_multi_source_frac (+0.50), dwpc_GBGD (+0.44)",,,,
Triple-negative,B. NOVEL candidate - please assess,6,6,FGF7,0.7832,Secreted protein,secreted,False,True,False,False,,"dwpc_GBGD (+1.00), dwpc_GFGD (+0.41)",,,,
Triple-negative,B. NOVEL candidate - please assess,7,8,BRIP1,0.7662,,intracellular,False,False,False,False,,"dwpc_GPGD (+0.70), ppi_multi_source_frac (+0.32)",,,,
Triple-negative,B. NOVEL candidate - please assess,8,9,RBBP8,0.7461,,intracellular,False,False,False,False,,"ppi_evidence_depth (-0.97), dwpc_GBGD (+0.90)",,,,
Triple-negative,B. NOVEL candidate - please assess,9,10,SMAD3,0.7454,Transcription factor,Transcription factor,True,True,False,False,,"ppi_multi_source_frac (+0.83), gene_ppi_degree (-0.68)",,,,
Triple-negative,B. NOVEL candidate - please assess,10,11,SMAD4,0.7307,Unclassified protein,Unclassified protein,True,False,False,False,,"ppi_multi_source_frac (+0.78), gene_ppi_degree (-0.62)",,,,
Triple-negative,B. NOVEL candidate - please assess,11,12,BARD1,0.7101,,intracellular,True,False,False,False,,"dwpc_GBGD (+0.76), gene_ppi_degree (-0.59)",,,,
Triple-negative,B. NOVEL candidate - please assess,12,13,RAD51C,0.7062,,intracellular,True,False,False,False,,"ppi_multi_source_frac (+1.01), dwpc_GBGD (+0.51)",,,,
Triple-negative,B. NOVEL candidate - please assess,13,14,ESR1,0.7044,Transcription factor,Transcription factor,True,True,True,True,"Altered, Larval development|Altered, Reproductive behaviour|Decrease, Population growth rate|Decreased sperm quantity /","ppi_multi_source_frac (+0.67), ppi_adamic_adar (+0.64)",,,,
Triple-negative,B. NOVEL candidate - please assess,14,15,CDKN2B,0.7034,,intracellular,False,False,False,False,,"ppi_multi_source_frac (+0.76), ppi_evidence_depth (+0.68)",,,,
Triple-negative,B. NOVEL candidate - please assess,15,16,PTH,0.6779,,secreted,True,True,False,False,,"dwpc_GBGD (+0.63), dwpc_GFGD (+0.51)",,,,
Triple-negative,B. NOVEL candidate - please assess,16,17,RAD9A,0.6765,,intracellular,True,False,False,False,,"ppi_multi_source_frac (+0.86), ppi_evidence_depth (-0.63)",,,,
Triple-negative,B. NOVEL candidate - please assess,17,18,FGFR2,0.6751,Enzyme,Enzyme,True,True,True,False,,"ppi_multi_source_frac (+0.41), gene_n_pathways (+0.33)",,,,
Triple-negative,B. NOVEL candidate - please assess,18,19,FGFR1,0.6563,Enzyme,Enzyme,True,True,True,True,AST elevations|Hyperphosphataemia|Hypoglycaemia|anaemia|decreased food intake|+9 more,"ppi_multi_source_frac (+0.66), gene_ppi_degree (+0.32)",,,,
Triple-negative,B. NOVEL candidate - please assess,19,20,RMI2,0.6498,,intracellular,True,False,False,False,,"gene_n_pathways (+0.64), dwpc_GPGD (+0.61)",,,,
Triple-negative,B. NOVEL candidate - please assess,20,21,NR2F1,0.6457,Transcription factor,Transcription factor,True,False,False,False,,"ppi_evidence_depth (+0.61), ppi_multi_source_frac (-0.56)",,,,
"Breast carcinoma (umbrella, reference)",A. known target - sanity anchor,1,1,KRAS,0.9971,Enzyme,Enzyme,True,True,True,False,,"ppi_adamic_adar (+1.19), dwpc_GBGD (+0.92)",,,,
"Breast carcinoma (umbrella, reference)",A. known target - sanity anchor,2,2,JAK2,0.9958,Enzyme,Enzyme,True,True,True,True,heart disease|regulation of catalytic activity,"dwpc_GBGD (+1.50), ppi_multi_source_frac (+1.07)",,,,
"Breast carcinoma (umbrella, reference)",A. known target - sanity anchor,3,3,EP300,0.9956,Epigenetic regulator,Epigenetic regulator,True,False,False,False,,"ppi_adamic_adar (+1.59), dwpc_GBGD (+1.40)",,,,
"Breast carcinoma (umbrella, reference)",A. known target - sanity anchor,4,4,PIK3R1,0.9956,Enzyme,Enzyme,True,True,False,True,hyperglycemia|leukopenia,"dwpc_GBGD (+1.41), ppi_adamic_adar (+1.26)",,,,
"Breast carcinoma (umbrella, reference)",A. known target - sanity anchor,5,5,TP53,0.9948,Transcription factor,Transcription factor,True,False,False,True,"Tumorigenesis, Hepatocellular carcinoma|drug toxicity|neutropenia|regulation of transcription factor activity","ppi_adamic_adar (+1.40), dwpc_GBGD (+1.33)",,,,
"Breast carcinoma (umbrella, reference)",A. known target - sanity anchor,6,6,AKT1,0.9948,Enzyme,Enzyme,True,True,False,True,apoptototic cell death in cancer cells|heart disease|hyperglycemia|regulation of catalytic activity,"ppi_adamic_adar (+1.53), dwpc_GBGD (+1.46)",,,,
"Breast carcinoma (umbrella, reference)",A. known target - sanity anchor,7,7,SMAD3,0.9943,Transcription factor,Transcription factor,True,True,False,False,,"ppi_adamic_adar (+1.56), dwpc_GBGD (+1.51)",,,,
"Breast carcinoma (umbrella, reference)",A. known target - sanity anchor,8,8,CREBBP,0.9943,Epigenetic regulator,Epigenetic regulator,True,False,False,False,,"ppi_adamic_adar (+1.31), dwpc_GBGD (+1.31)",,,,
"Breast carcinoma (umbrella, reference)",A. known target - sanity anchor,9,9,PIK3CA,0.994,Enzyme,Enzyme,True,True,True,True,No significant results|drug toxicity|heart disease|regulation of catalytic activity,"dwpc_GBGD (+1.30), ppi_multi_source_frac (+0.90)",,,,
"Breast carcinoma (umbrella, reference)",A. known target - sanity anchor,10,10,CTNNB1,0.9935,Unclassified protein,Unclassified protein,True,True,False,True,"neutropenia|response to cyclophosphamide, dexamethasone, and thalidomide|response to thalidomide","ppi_adamic_adar (+1.62), dwpc_GBGD (+1.48)",,,,
"Breast carcinoma (umbrella, reference)",B. NOVEL candidate - please assess,1,45,SMARCA2,0.9875,Epigenetic regulator,Epigenetic regulator,True,False,False,False,,"ppi_adamic_adar (+1.29), dwpc_GBGD (+1.23)",,,,
"Breast carcinoma (umbrella, reference)",B. NOVEL candidate - please assess,2,62,MAPK3,0.9852,Enzyme,Enzyme,True,True,False,True,heart disease|regulation of catalytic activity,"dwpc_GBGD (+1.45), ppi_adamic_adar (+1.29)",,,,
"Breast carcinoma (umbrella, reference)",B. NOVEL candidate - please assess,3,69,STAT1,0.9845,Transcription factor,Transcription factor,True,False,False,False,,"ppi_adamic_adar (+1.23), ppi_multi_source_frac (+1.03)",,,,
"Breast carcinoma (umbrella, reference)",B. NOVEL candidate - please assess,4,74,EGR1,0.9841,Transcription factor,Transcription factor,False,False,False,True,regulation of transcription factor activity,"ppi_adamic_adar (+1.27), dwpc_GBGD (+0.93)",,,,
"Breast carcinoma (umbrella, reference)",B. NOVEL candidate - please assess,5,78,IRS2,0.9836,,intracellular,False,True,False,False,,"dwpc_GBGD (+1.17), ppi_multi_source_frac (+1.01)",,,,
"Breast carcinoma (umbrella, reference)",B. NOVEL candidate - please assess,6,81,IRS1,0.9833,Unclassified protein,Unclassified protein,True,True,False,True,neutropenia,"ppi_adamic_adar (+1.21), dwpc_GBGD (+1.03)",,,,
"Breast carcinoma (umbrella, reference)",B. NOVEL candidate - please assess,7,92,GSK3A,0.9823,Enzyme,Enzyme,True,False,True,True,heart disease,"ppi_adamic_adar (+1.14), dwpc_GBGD (+1.04)",,,,
"Breast carcinoma (umbrella, reference)",B. NOVEL candidate - please assess,8,96,ZAP70,0.9811,Enzyme,Enzyme,True,True,False,True,cardiac arrhythmia|regulation of catalytic activity,"ppi_adamic_adar (+1.22), ppi_multi_source_frac (+1.14)",,,,
"Breast carcinoma (umbrella, reference)",B. NOVEL candidate - please assess,9,104,IQGAP1,0.9805,Unclassified protein,Unclassified protein,True,True,False,False,,"ppi_adamic_adar (+1.19), dwpc_GFGD (+0.70)",,,,
"Breast carcinoma (umbrella, reference)",B. NOVEL candidate - please assess,10,110,SMARCD2,0.979,Unclassified protein,Unclassified protein,False,False,False,False,,"dwpc_GBGD (+1.08), ppi_adamic_adar (+1.00)",,,,
"Breast carcinoma (umbrella, reference)",B. NOVEL candidate - please assess,11,114,BLK,0.9788,Enzyme,Enzyme,True,True,True,False,,"ppi_adamic_adar (+1.09), dwpc_GBGD (+0.83)",,,,
"Breast carcinoma (umbrella, reference)",B. NOVEL candidate - please assess,12,115,HDAC3,0.9787,Epigenetic regulator,Epigenetic regulator,True,True,True,True,regulation of catalytic activity,"dwpc_GBGD (+1.23), ppi_adamic_adar (+1.03)",,,,
"Breast carcinoma (umbrella, reference)",B. NOVEL candidate - please assess,13,117,AHR,0.9785,Transcription factor,Transcription factor,True,False,True,True,"Accumulation, Liver lipid|Formation, Hepatocellular and Bile duct tumors|Increase, Early Life Stage Mortality|N/A, Breas","ppi_adamic_adar (+0.96), dwpc_GBGD (+0.68)",,,,
"Breast carcinoma (umbrella, reference)",B. NOVEL candidate - please assess,14,118,TOPBP1,0.9782,Enzyme,Enzyme,False,True,False,False,,"dwpc_GBGD (+1.01), ppi_multi_source_frac (+0.95)",,,,
"Breast carcinoma (umbrella, reference)",B. NOVEL candidate - please assess,15,127,HIPK2,0.9769,Enzyme,Enzyme,True,False,False,False,,"ppi_adamic_adar (+1.12), dwpc_GBGD (+0.96)",,,,
"Breast carcinoma (umbrella, reference)",B. NOVEL candidate - please assess,16,131,KAT2B,0.9763,Epigenetic regulator,Epigenetic regulator,True,False,False,True,drug dependence,"ppi_adamic_adar (+1.23), dwpc_GBGD (+1.16)",,,,
"Breast carcinoma (umbrella, reference)",B. NOVEL candidate - please assess,17,135,AXL,0.9755,Enzyme,Enzyme,True,True,True,True,coronary artery disease,"ppi_adamic_adar (+1.16), dwpc_GBGD (+0.91)",,,,
"Breast carcinoma (umbrella, reference)",B. NOVEL candidate - please assess,18,136,FANCM,0.9754,,intracellular,False,False,False,False,,"ppi_multi_source_frac (+1.33), ppi_adamic_adar (+1.29)",,,,
"Breast carcinoma (umbrella, reference)",B. NOVEL candidate - please assess,19,139,GAB2,0.9749,,membrane / cell-surface,True,True,False,False,,"ppi_adamic_adar (+1.05), ppi_multi_source_frac (+0.91)",,,,
"Breast carcinoma (umbrella, reference)",B. NOVEL candidate - please assess,20,140,SOX9,0.9748,Transcription factor,Transcription factor,False,False,False,False,,"dwpc_GBGD (+1.23), ppi_adamic_adar (+0.75)",,,,
