recipe	type	gate	class	auto_hint	source	inputs	outputs
compute_dwpc_go_metapaths	python	MIN_MODULE 20	2	c2?	dss_recipes/compute_dwpc_go_metapaths.py	graph_edges,graph_nodes	enriched_dwpc_GBGD,enriched_dwpc_GFGD
compute_enriched_disease_context_1	CustomCode_visual-graph-execute-cypher	module_size >= 20	1		dss_recipes/cypher/compute_enriched_disease_context_1.cypher	DEMO_KG_LS.Lg8lbpl5	enriched_disease_context_1
compute_enriched_dwpc_GCD	CustomCode_visual-graph-execute-cypher	module_size >= 20	1		dss_recipes/cypher/compute_enriched_dwpc_GCD.cypher	DEMO_KG_LS.Lg8lbpl5	enriched_dwpc_GCD
compute_enriched_dwpc_GGD	CustomCode_visual-graph-execute-cypher	module_size >= 20	1		dss_recipes/cypher/compute_enriched_dwpc_GGD.cypher	DEMO_KG_LS.Lg8lbpl5	enriched_dwpc_GGD
compute_enriched_dwpc_GPGD	CustomCode_visual-graph-execute-cypher	module_size >= 20	1		dss_recipes/cypher/compute_enriched_dwpc_GPGD.cypher	DEMO_KG_LS.Lg8lbpl5	enriched_dwpc_GPGD
compute_enriched_guilt_by_association_1	CustomCode_visual-graph-execute-cypher	module_size >= 20	1		dss_recipes/cypher/compute_enriched_guilt_by_association_1.cypher	DEMO_KG_LS.Lg8lbpl5	enriched_guilt_by_association_1
compute_enriched_module_size_1	CustomCode_visual-graph-execute-cypher	module_size >= 20	1		dss_recipes/cypher/compute_enriched_module_size_1.cypher	DEMO_KG_LS.Lg8lbpl5	enriched_module_size_1
compute_enriched_prox_closest	python	MIN_SEEDS 5; POOL_MIN 20	1		dss_recipes/compute_enriched_prox_closest.py	graph_edges,graph_nodes	enriched_prox_closest
compute_enriched_rwr_score_1	python	MIN_SEEDS 20	1		dss_recipes/compute_enriched_rwr_score_1.py	graph_edges,graph_nodes	enriched_rwr_score_1
compute_enriched_shared_pathway_count_1	CustomCode_visual-graph-execute-cypher	module_size >= 20	1		dss_recipes/cypher/compute_enriched_shared_pathway_count_1.cypher	DEMO_KG_LS.Lg8lbpl5	enriched_shared_pathway_count_1
_models		-	-		DSS-only	-	-
compute_DEMO_KG_drug_disease_edges_copy	sync	-	-		DSS-only	DEMO_KG_LS.drug_disease_edges	drug_disease_edges
compute_DEMO_KG_drug_protein_edges_copy	sync	-	-		DSS-only	DEMO_KG_LS.drug_protein_edges	drug_protein_edges
compute_DEMO_KG_edge_metadata_copy	sync	-	-		DSS-only	DEMO_KG_LS.edge_metadata	edge_metadata
compute_DEMO_KG_gene_names_copy	sync	-	-		DSS-only	DEMO_KG_LS.gene_names	gene_names
compute_DEMO_KG_graph_edges_copy	sync	-	-		DSS-only	DEMO_KG_LS.graph_edges	graph_edges
compute_DEMO_KG_graph_nodes_copy	sync	-	-		DSS-only	DEMO_KG_LS.graph_nodes	graph_nodes
compute_DEMO_KG_mondo_references_copy	sync	-	-		DSS-only	DEMO_KG_LS.mondo_references	mondo_references
compute_DEMO_KG_raw_disease_disease_copy	sync	-	-		DSS-only	DEMO_KG_LS.raw_disease_disease	raw_disease_disease
compute_DEMO_KG_raw_go_hierarchy_copy	sync	-	-		DSS-only	DEMO_KG_LS.raw_go_hierarchy	raw_go_hierarchy
compute_DEMO_KG_raw_ot_druggability_copy	sync	-	-		DSS-only	DEMO_KG_LS.raw_ot_druggability	raw_ot_druggability
compute_DEMO_KG_raw_ot_safety_copy	sync	-	-		DSS-only	DEMO_KG_LS.raw_ot_safety	raw_ot_safety
compute_breast_panel	python	-	-		dss_recipes/compute_breast_panel.py	drug_disease_edges,drug_protein_edges,graph_nodes,scored_champion	breast_panel_metrics,breast_panel_overlap
compute_breast_shortlist	python	-	-		dss_recipes/compute_breast_shortlist.py	target_candidates_2	breast_shortlist
compute_disease_eligibility	grouping	-	-		DSS-only	disease_hierarchy_annotation	disease_eligibility
compute_disease_family_id	python	-	-		dss_recipes/compute_disease_family_id.py	enriched_graph_features_1,graph_nodes,hetionet_disease_slim,mondo_references,raw_disease_disease	disease_family_id
compute_disease_hierarchy_annotation	python	-	-		dss_recipes/compute_disease_hierarchy_annotation.py	disease_family_id,enriched_module_size_1,graph_nodes,hetionet_disease_slim,mondo_references,raw_disease_disease	disease_hierarchy_annotation
compute_drug_best	topn	-	-		DSS-only	drug_classified	drug_best
compute_drug_classified	shaker	-	-		DSS-only	drug_joined	drug_classified
compute_drug_evidence_pairs	python	-	-		dss_recipes/compute_drug_evidence_pairs.py	drug_disease_edges,drug_protein_edges,graph_nodes	drug_evidence_pairs
compute_drug_joined	join	-	-		DSS-only	enriched_gene_localization,ot_drug_mapped	drug_joined
compute_drug_target_benchmark	python	-	-		dss_recipes/compute_drug_target_benchmark.py	drug_disease_edges,drug_protein_edges,graph_nodes,scored_champion	drug_target_benchmark
compute_drug_target_benchmark_staged	python	-	-		dss_recipes/compute_drug_target_benchmark_staged.py	drug_disease_edges,drug_protein_edges,enriched_gene_druggability_v2,graph_nodes,scored_champion	drug_target_benchmark_staged
compute_enriched_degree_controls_1	CustomCode_visual-graph-execute-cypher	-	-		dss_recipes/cypher/compute_enriched_degree_controls_1.cypher	DEMO_KG_LS.Lg8lbpl5	enriched_degree_controls_1
compute_enriched_graph_features_1	join	-	-		DSS-only	enriched_degree_controls_1,enriched_disease_context_1,enriched_dwpc_GBGD,enriched_dwpc_GCD,enriched_dwpc_GFGD,enriched_dwpc_GGD,enriched_dwpc_GPGD,enriched_guilt_by_association_1,enriched_has_inflammatory_go_annotation_1,enriched_module_size_1,enriched_node_centrality_1,enriched_pair_features_index_1,enriched_ppi_cn_zscore,enriched_ppi_evidence_depth,enriched_prox_closest,enriched_rwr_score_1,enriched_shared_pathway_count_1,graph_edges	enriched_graph_features_1
compute_enriched_inflammatory_go	CustomCode_visual-graph-execute-cypher	-	-		dss_recipes/cypher/compute_enriched_inflammatory_go.cypher	DEMO_KG_LS.Lg8lbpl5	enriched_has_inflammatory_go_annotation_1
compute_enriched_node_centrality_1	CustomCode_visual-graph-graph-features	-	-		DSS-only	DEMO_KG_LS.Lg8lbpl5	enriched_node_centrality_1
compute_enriched_pair_features_index_1	vstack	-	-		DSS-only	enriched_disease_context_1,enriched_dwpc_GBGD,enriched_dwpc_GCD,enriched_dwpc_GFGD,enriched_dwpc_GGD,enriched_dwpc_GPGD,enriched_guilt_by_association_1,enriched_ppi_cn_zscore,enriched_prox_closest,enriched_rwr_score_1,enriched_shared_pathway_count_1	enriched_pair_features_index_1
compute_family_auc	shaker	-	-		DSS-only	family_auc_grouped	family_auc_by_family
compute_family_panel	join	-	-		DSS-only	disease_family_id,validation_auc_ci	family_panel
compute_family_validation_scored	sync	-	-		DSS-only	scored_champion	family_validation_scored
compute_filter_three_axes	python	-	-		dss_recipes/compute_filter_three_axes.py	drug_disease_edges,drug_protein_edges,graph_nodes,known_drug_truth,target_candidates_2	filter_three_axes
compute_gene_crosswalk	join	-	-		DSS-only	gene_names,graph_genes	gene_crosswalk
compute_gene_druggability	python	-	-		dss_recipes/compute_gene_druggability.py	enriched_gene_localization,gene_names,graph_nodes,raw_ot_druggability	enriched_gene_druggability
compute_gene_druggability_v2	shaker	-	-		DSS-only	drug_best	enriched_gene_druggability_v2
compute_gene_localization	python	-	-		dss_recipes/compute_gene_localization.py	graph_edges,graph_nodes,raw_go_hierarchy	enriched_gene_localization
compute_gene_safety	python	-	-		dss_recipes/compute_gene_safety.py	gene_names,graph_nodes,raw_ot_safety	enriched_gene_safety
compute_gene_safety_best	topn	-	-		DSS-only	gene_safety_joined	gene_safety_best
compute_gene_safety_join	join	-	-		DSS-only	gene_crosswalk,raw_ot_safety	gene_safety_joined
compute_gene_safety_v2	shaker	-	-		DSS-only	gene_safety_best	enriched_gene_safety_v2
compute_graph_genes	shaker	-	-		DSS-only	graph_nodes	graph_genes
compute_graph_label_evidence	grouping	-	-		DSS-only	edge_metadata	graph_label_evidence
compute_graph_node_source_counts	grouping	-	-		DSS-only	graph_nodes	graph_node_source_counts
compute_graph_node_type_counts	grouping	-	-		DSS-only	graph_nodes	graph_node_type_counts
compute_graph_ppi_provenance	grouping	-	-		DSS-only	edge_metadata	graph_ppi_provenance
compute_graph_relation_counts	grouping	-	-		DSS-only	graph_edges	graph_relation_counts
compute_known_drug_truth	python	-	-		dss_recipes/compute_known_drug_truth.py	drug_disease_edges,drug_protein_edges,gene_names,graph_nodes,raw_ot_known_drug	known_drug_truth
compute_lung_granularity_check	python	-	-		dss_recipes/compute_lung_granularity_check.py	graph_nodes,scored_champion	lung_granularity_check
compute_maturity_confound	python	-	-		dss_recipes/compute_maturity_confound.py	drug_disease_edges,graph_nodes,novel_discovery_eval	maturity_confound
compute_model_comparison	python	-	-		dss_recipes/compute_model_comparison.py	drug_disease_edges,drug_protein_edges,graph_nodes,scored_m1,scored_m2,scored_m3	model_comparison
compute_novel_discovery_eval	python	-	-		dss_recipes/compute_novel_discovery_eval.py	drug_disease_edges,drug_protein_edges,graph_nodes,scored_champion	novel_discovery_eval
compute_ot_drug_mapped	join	-	-		DSS-only	gene_crosswalk,raw_ot_druggability	ot_drug_mapped
compute_pairwise_overlap	grouping	-	-		DSS-only	pairwise_pairs	pairwise_overlap
compute_pairwise_pairs	join	-	-		DSS-only	top50_slim_a,top50_slim_b	pairwise_pairs
compute_persona_candidates	python	-	-		dss_recipes/compute_persona_candidates.py	drug_target_benchmark,graph_nodes,novel_discovery_eval,validation_auc_by_disease	persona_candidates
compute_persona_enrichment	shaker	-	-		DSS-only	persona_candidates	persona_enrichment
compute_pool_reachability	python	-	-		dss_recipes/compute_pool_reachability.py	drug_disease_edges,drug_protein_edges,enriched_dwpc_GCD,enriched_dwpc_GGD,enriched_gene_druggability_v2,enriched_graph_features_candidate_psplit,graph_edges,graph_nodes,known_drug_truth	pool_reachability,pool_unreachable_targets
compute_pool_selection_bias	python	-	-		dss_recipes/compute_pool_selection_bias.py	enriched_dwpc_GCD,enriched_dwpc_GGD,enriched_dwpc_GPGD,known_drug_truth,scored_champion	pool_selection_bias
compute_ppi_cn_zscore	python	-	-		dss_recipes/compute_ppi_cn_zscore.py	graph_edges,graph_nodes	enriched_ppi_cn_zscore
compute_ppi_evidence_depth	python	-	-		dss_recipes/compute_ppi_evidence_depth.py	edge_metadata	enriched_ppi_evidence_depth
compute_raw_ot_known_drug	sync	-	-		DSS-only	DEMO_KG_LS.raw_ot_known_drug	raw_ot_known_drug
compute_safety_lift	python	-	-		dss_recipes/compute_safety_lift.py	drug_disease_edges,drug_protein_edges,enriched_gene_safety_v2,graph_nodes,scored_champion	safety_lift
compute_shap_driver_frequency	grouping	-	-		DSS-only	shap_drivers_long	shap_driver_frequency
compute_shap_drivers_long	shaker	-	-		DSS-only	dashboard_candidates	shap_drivers_long
compute_split_audit_2	python	-	-		dss_recipes/compute_split_audit_2.py	psplit_test_set,psplit_train_set,psplit_validation_set	split_audit_2
compute_target_reachability	python	-	-		dss_recipes/compute_target_reachability.py	drug_disease_edges,drug_protein_edges,graph_nodes,scored_champion	target_reachability
compute_top50_membership	shaker	-	-		DSS-only	dashboard_candidates	top50_membership
compute_top50_pairs	join	-	-		DSS-only	top50_membership,top50_membership_b	top50_pairs
compute_top50_slim_a	shaker	-	-		DSS-only	top50_membership	top50_slim_a
compute_top50_slim_b	shaker	-	-		DSS-only	top50_membership	top50_slim_b
compute_top_shap_drivers_1	python	-	-		dss_recipes/compute_top_shap_drivers_1.py	persona2_scored	persona2_scored_shap
compute_tractability_axis	python	-	-		dss_recipes/compute_tractability_axis.py	drug_protein_edges,enriched_gene_druggability_v2,graph_nodes,scored_champion	tractability_axis
compute_tractability_lift	python	-	-		dss_recipes/compute_tractability_lift.py	drug_disease_edges,drug_protein_edges,enriched_gene_druggability_v2,graph_nodes,scored_champion	tractability_lift
compute_validation_auc_by_disease	shaker	-	-		DSS-only	validation_set_scored_grouped	validation_auc_by_disease
compute_validation_auc_by_disease_2	python	-	-		dss_recipes/compute_validation_auc_by_disease_2.py	scored_champion	validation_auc_by_disease_2
compute_validation_auc_ci	shaker	-	-		DSS-only	validation_auc_by_disease	validation_auc_ci
compute_validation_set_scored	sync	-	-		DSS-only	scored_champion	validation_set_scored
compute_validation_set_scored_grouped	grouping	-	-		DSS-only	validation_set_scored_windows	validation_set_scored_grouped
compute_validation_set_scored_windows	window	-	-		DSS-only	validation_set_scored	validation_set_scored_windows
compute_ytvuniN8	merge_folder	-	-		DSS-only	DEMO_KG_LS.Lg8lbpl5	ytvuniN8
copy_top50_b	sync	-	-		DSS-only	top50_membership	top50_membership_b
count_candidates_per_disease	grouping	-	-		DSS-only	target_candidates_2	disease_pool_sizes
decorate_target_candidates	join	-	-		DSS-only	enriched_gene_druggability_v2,enriched_gene_safety_v2,graph_nodes,top_candidates	top_annotated
extract_hetionet_disease_slim	python	-	-		dss_recipes/extract_hetionet_disease_slim.py	-	hetionet_disease_slim
filter_has_path_evidence	sampling	-	-		DSS-only	enriched_graph_features_1_family	enriched_graph_features_candidate_psplit
filter_persona_diseases	sampling	-	-		DSS-only	psplit_validation_set	validation_set_personas_2
finalize_dashboard_candidates	shaker	-	-		DSS-only	candidates_annotated	dashboard_candidates
group_family_auc	grouping	-	-		DSS-only	family_validation_ranked	family_auc_grouped
group_family_gene	grouping	-	-		DSS-only	family_validation_scored	family_gene_agg
join_dashboard_annotations	join	-	-		DSS-only	disease_pool_sizes,drug_evidence_pairs,target_candidates_2	candidates_annotated
join_disease_family_id	join	-	-		DSS-only	disease_family_id,enriched_graph_features_1	enriched_graph_features_1_family
join_disease_name	join	-	-		DSS-only	graph_nodes,top_annotated	target_candidates_2
join_family_gene_name	join	-	-		DSS-only	family_top_genes,graph_nodes	family_top_genes_named
join_trust_for_personas	join	-	-		DSS-only	disease_pool_sizes,persona_candidates	dashboard_persona_trust
rank_per_disease	window	-	-		DSS-only	persona2_scored_shap	top_candidates
run_nb6_assertions	python	-	-		dss_recipes/run_nb6_assertions.py	breast_panel_overlap,dashboard_candidates,drug_disease_edges,drug_protein_edges,drug_target_benchmark,enriched_gene_druggability_v2,lung_granularity_check,novel_discovery_eval,raw_ot_known_drug,safety_lift,scored_champion,tractability_axis,tractability_lift,validation_auc_by_disease	nb6_assertion_results
score_persona_candidates	prediction_scoring	-	-		DSS-only	hJLGoYn4,validation_set_personas_2	persona2_scored
score_psplit_validation_m4	prediction_scoring	-	-		DSS-only	79JOklWN,psplit_validation_set	scored_m4
score_psplit_validation_m5	prediction_scoring	-	-		DSS-only	psplit_validation_set,r2oXoTEw	scored_m5
score_psplit_validation_m6	prediction_scoring	-	-		DSS-only	DWtdaTje,psplit_validation_set	scored_m6
score_psplit_validation_m7	prediction_scoring	-	-		DSS-only	hJLGoYn4,psplit_validation_set	scored_m7
score_psplit_validation_m8	prediction_scoring	-	-		DSS-only	3RZ9a9kN,psplit_validation_set	scored_m8
score_psplit_validation_set	prediction_scoring	-	-		DSS-only	Lx5Mz2hY,psplit_validation_set	scored_m1
score_psplit_validation_set_1	prediction_scoring	-	-		DSS-only	6hEivCx0,psplit_validation_set	scored_m2
score_psplit_validation_set_2	prediction_scoring	-	-		DSS-only	cGPhBOGC,psplit_validation_set	scored_m3
split_by_disease_key	split	-	-		DSS-only	enriched_graph_features_candidate_psplit	psplit_test_set,psplit_train_set,psplit_validation_set
sync_scored_champion	sync	-	-		DSS-only	scored_m7	scored_champion
topn_family_genes	topn	-	-		DSS-only	family_gene_agg	family_top_genes
train_m1-f7	prediction_training	-	-		DSS-only	psplit_test_set,psplit_train_set	Lx5Mz2hY
train_m2-f10	prediction_training	-	-		DSS-only	psplit_test_set,psplit_train_set	6hEivCx0
train_m3-f12	prediction_training	-	-		DSS-only	psplit_test_set,psplit_train_set	cGPhBOGC
train_m4-f13	prediction_training	-	-		DSS-only	psplit_test_set,psplit_train_set	79JOklWN
train_m5-f13	prediction_training	-	-		DSS-only	psplit_test_set,psplit_train_set	r2oXoTEw
train_m6-f13-new-pc	prediction_training	-	-		DSS-only	psplit_test_set,psplit_train_set	DWtdaTje
train_m7-f14	prediction_training	-	-		DSS-only	psplit_train_set	hJLGoYn4
train_m8-f14-pm	prediction_training	-	-		DSS-only	psplit_test_set,psplit_train_set	3RZ9a9kN
verify_nb1_on_champion	python	-	-		dss_recipes/verify_nb1_on_champion.py	psplit_train_set,scored_champion	nb1_verify
verify_nb3_on_champion	python	-	-		dss_recipes/verify_nb3_on_champion.py	drug_target_benchmark,family_auc_by_family,scored_champion,validation_auc_by_disease	nb3_verify
window_family_rank	window	-	-		DSS-only	family_validation_scored	family_validation_ranked
